customer_id,first_name,last_name,age,email,country,postal_code,favorite_color,membership_status,account_balance
1,Theressa,Iscowitz,54,tiscowitz0@flavors.me,China,,red,inactive,865.36
2,Jillie,Schurig,25,jschurig1@twitter.com,Indonesia,,red,active,3170.18
3,Joell,Chardin,67,jchardin2@va.gov,Chile,,blue,pending,1219.96
4,Calhoun,Alti,38,calti3@oracle.com,Finland,21450,blue,active,2390.57
5,Nana,Jeannet,44,njeannet4@vk.com,Philippines,1679,blue,active,4959.34
6,Bettine,Crysell,51,bcrysell5@abc.net.au,Portugal,7330-254,blue,inactive,6013.57
7,Tedd,Hamsson,65,thamsson6@simplemachines.org,China,,green,pending,4101.29
8,Gina,Conway,52,gconway7@prlog.org,China,,green,inactive,2257.12
9,Glendon,Manuaud,35,gmanuaud8@mapquest.com,Armenia,,green,inactive,8493.61
10,Robbyn,Kneesha,37,rkneesha9@go.com,Canada,J7R,blue,inactive,2000.37
11,Erek,Butlin,58,ebutlina@sfgate.com,China,,green,pending,5072.63
12,Nestor,Strain,67,nstrainb@marriott.com,Zambia,,red,pending,5661.51
13,Wylma,Pearson,80,wpearsonc@eepurl.com,China,,red,pending,189.68
14,Miriam,Qualtro,78,mqualtrod@bravesites.com,Namibia,,green,inactive,2400.69
15,Lorna,Francesconi,50,lfrancesconie@foxnews.com,Russia,446800,red,inactive,2812.3
16,Linell,Natte,51,lnattef@wikispaces.com,Bolivia,,green,inactive,9976.58
17,Roxi,Klampt,24,rklamptg@soundcloud.com,United States,92645,green,pending,7744.46
18,Halli,Marczyk,45,hmarczykh@t-online.de,France,93175 CEDEX,blue,inactive,897.34
19,Trenton,Probbin,80,tprobbini@rediff.com,China,,green,pending,3326.67
20,Susann,Le Strange,82,slestrangej@trellian.com,Uzbekistan,,blue,pending,4654.05
21,Carson,Cardillo,72,ccardillok@dot.gov,Portugal,4710-627,blue,active,5323.22
22,Leonanie,Seville,76,lsevillel@wsj.com,Poland,99-434,blue,inactive,2970.85
23,Lynda,Tunder,56,ltunderm@sina.com.cn,China,,red,active,325.22
24,Joli,Huggard,27,jhuggardn@shinystat.com,Portugal,9760-055,red,active,7893.93
25,Clemmie,Fleury,20,cfleuryo@rambler.ru,Peru,,green,pending,631.33
26,Rivalee,Rebbeck,35,rrebbeckp@over-blog.com,China,,blue,pending,5592.79
27,Charles,Alston,54,calstonq@mayoclinic.com,Russia,142516,red,active,9755.63
28,Brockie,Baldree,30,bbaldreer@chicagotribune.com,Russia,353400,blue,inactive,7307.37
29,Drew,Dauney,43,ddauneys@scribd.com,China,,green,active,7167.73
30,Ludwig,Theuss,18,ltheusst@dot.gov,Philippines,7024,red,inactive,3555.24
31,Galen,Shirlaw,83,gshirlawu@army.mil,Indonesia,,green,active,8352.31
32,Warren,Murr,71,wmurrv@jalbum.net,Portugal,2420-031,blue,pending,6253.15
33,Chance,Isacq,38,cisacqw@comsenz.com,China,,green,active,1650.13
34,Maisie,Cranmer,19,mcranmerx@vimeo.com,Chile,,red,pending,3639.26
35,Tadeo,Chasteau,62,tchasteauy@topsy.com,Cameroon,,blue,pending,9534.25
36,Angeline,Taberer,21,atabererz@whitehouse.gov,Bosnia and Herzegovina,,red,pending,965.48
37,Willi,Lillicrop,35,wlillicrop10@samsung.com,Czech Republic,503 02,red,inactive,8705.35
38,Gardener,Gingles,22,ggingles11@state.tx.us,Ivory Coast,,blue,pending,63.64
39,Osborne,Haslehurst,48,ohaslehurst12@sina.com.cn,Russia,142960,blue,active,2859.28
40,Taite,Dunkerk,47,tdunkerk13@dailymail.co.uk,China,,red,pending,1257.12
41,Sergeant,Deftie,66,sdeftie14@bbb.org,Philippines,2902,green,pending,9546.34
42,Laurie,Fluck,83,lfluck15@ihg.com,Russia,368692,blue,pending,2949.38
43,Simmonds,Lehrmann,65,slehrmann16@123-reg.co.uk,Luxembourg,L-5408,green,active,8889.61
44,Parrnell,Mackison,51,pmackison17@themeforest.net,Indonesia,,red,pending,8932.97
45,Kariotta,Forde,50,kforde18@nbcnews.com,China,,red,inactive,8147.24
46,Jacenta,Phillpotts,48,jphillpotts19@forbes.com,Philippines,2905,blue,active,3444.48
47,Germaine,Mayoral,66,gmayoral1a@ucoz.com,Portugal,3025-348,green,inactive,6935.27
48,Marve,Duggen,30,mduggen1b@aboutads.info,China,,blue,inactive,4905.88
49,Manolo,Wardell,24,mwardell1c@skyrock.com,Uganda,,blue,pending,641.07
50,Sidonnie,Charge,36,scharge1d@google.pl,Indonesia,,green,active,4235.73
51,Cal,Brenstuhl,40,cbrenstuhl1e@technorati.com,South Africa,8560,red,pending,8696.73
52,Pepita,Bodiam,46,pbodiam1f@pcworld.com,Greece,,blue,inactive,2632.37
53,Arlen,Pratchett,79,apratchett1g@behance.net,Indonesia,,green,active,4584.39
54,Lacee,Fenich,50,lfenich1h@ibm.com,Portugal,3025-353,red,active,3389.04
55,Justen,Francescuccio,83,jfrancescuccio1i@seesaa.net,Armenia,,green,inactive,246.83
56,Chrystal,Crunden,84,ccrunden1j@wikipedia.org,Indonesia,,red,pending,9942.17
57,Shayna,Fust,72,sfust1k@xing.com,Indonesia,,blue,pending,2304.69
58,Hunfredo,Fitzpatrick,36,hfitzpatrick1l@hc360.com,Nigeria,,green,active,8391.65
59,Torry,Andryszczak,71,tandryszczak1m@admin.ch,Venezuela,,blue,pending,8773.27
60,Clovis,Milsap,74,cmilsap1n@java.com,Indonesia,,green,pending,9594.65
61,Oneida,Lyosik,42,olyosik1o@clickbank.net,South Sudan,,blue,inactive,4027.59
62,Johann,Merryman,55,jmerryman1p@miitbeian.gov.cn,Macedonia,2423,green,inactive,9980.33
63,Malchy,Walshaw,57,mwalshaw1q@spotify.com,Russia,666021,green,pending,1260.9
64,Enrichetta,Petranek,18,epetranek1r@forbes.com,Russia,242251,green,active,5913.87
65,Delcine,Brixey,70,dbrixey1s@delicious.com,Serbia,,blue,inactive,1133.33
66,Rona,Tytcomb,79,rtytcomb1t@aol.com,Macedonia,6330,green,active,7580.05
67,Morton,Hargreves,71,mhargreves1u@51.la,China,,red,pending,6889.27
68,Miltie,Spinas,36,mspinas1v@goo.gl,Egypt,,blue,inactive,6781.47
69,Pollyanna,Stiles,19,pstiles1w@fda.gov,Philippines,4511,green,pending,6672.6
70,Jelene,Lawes,69,jlawes1x@ustream.tv,Palestinian Territory,,red,pending,8374.53
71,Sydney,Petrushanko,73,spetrushanko1y@phpbb.com,China,,green,active,5003.77
72,Bobbe,Christofor,49,bchristofor1z@sun.com,Venezuela,,red,inactive,6537.97
73,Alexis,Gunbie,56,agunbie20@businesswire.com,China,,blue,active,8233.71
74,Shannen,Slesser,70,sslesser21@cnet.com,Poland,59-171,blue,active,8715.1
75,Beryl,Calleja,38,bcalleja22@sciencedaily.com,China,,green,inactive,9894.68
76,Rudolfo,Ding,74,rding23@ning.com,Honduras,,red,active,2550.67
77,Monica,Goulstone,74,mgoulstone24@gravatar.com,Indonesia,,green,pending,5239.23
78,Ilka,Colleymore,33,icolleymore25@discuz.net,Mexico,39965,blue,pending,3627.28
79,Klarrisa,Follet,62,kfollet26@wufoo.com,Indonesia,,red,pending,8566.91
80,Franklin,Fideler,41,ffideler27@printfriendly.com,China,,blue,active,3030.85
81,Rosy,Hopfner,61,rhopfner28@prnewswire.com,Indonesia,,blue,active,2457.12
82,Bryna,Areles,23,bareles29@slideshare.net,China,,blue,active,7285.31
83,Delphine,Renachowski,85,drenachowski2a@yolasite.com,United States,13205,blue,inactive,3433.92
84,Tomlin,Woodroff,33,twoodroff2b@taobao.com,Vietnam,,red,active,3457.62
85,Lyndsie,Geraldo,58,lgeraldo2c@indiegogo.com,China,,red,pending,3528.08
86,Vittorio,Kibard,44,vkibard2d@ftc.gov,Philippines,2010,blue,active,5630.99
87,Juliette,Huison,45,jhuison2e@360.cn,Portugal,4620-031,green,pending,7887.03
88,Florance,Klimecki,38,fklimecki2f@1und1.de,Nigeria,,red,pending,1729.35
89,Novelia,De Cleen,76,ndecleen2g@blogtalkradio.com,Finland,41521,red,inactive,3001.65
90,Elinore,O'Bruen,21,eobruen2h@yellowbook.com,Tunisia,,red,active,3771.18
91,Dorolisa,Patis,35,dpatis2i@yahoo.co.jp,Tanzania,,red,active,3558.7
92,Marcile,Tabb,55,mtabb2j@odnoklassniki.ru,Philippines,4335,red,active,2579.69
93,Darb,Euplate,63,deuplate2k@shareasale.com,Thailand,40110,green,pending,4575.3
94,Mabelle,Behnecken,35,mbehnecken2l@yahoo.co.jp,Indonesia,,blue,inactive,4049.81
95,Orton,Morena,52,omorena2m@woothemes.com,China,,red,inactive,9339.4
96,Marta,Kingsford,62,mkingsford2n@goodreads.com,United States,74116,red,inactive,623.86
97,Stace,Cours,29,scours2o@unc.edu,Indonesia,,blue,inactive,3042.91
98,Guillermo,Cicetti,54,gcicetti2p@odnoklassniki.ru,Serbia,,blue,active,9370.06
99,Trudey,Tremellier,43,ttremellier2q@opera.com,Germany,14199,green,inactive,6773.06
100,Raphaela,Prazor,25,rprazor2r@nih.gov,Poland,55-002,red,active,4843.46
101,Alvera,Ridde,43,aridde2s@51.la,Peru,,red,active,7313.84
102,Harald,Treven,38,htreven2t@unblog.fr,China,,blue,inactive,6806.43
103,Kial,Silverson,68,ksilverson2u@archive.org,Indonesia,,blue,active,7126.93
104,Mickie,Raise,24,mraise2v@friendfeed.com,Brazil,35530-000,blue,inactive,3961.55
105,Othelia,Urvoy,53,ourvoy2w@fda.gov,Luxembourg,L-5451,green,inactive,9172.87
106,Martie,Neeves,84,mneeves2x@4shared.com,Republic of the Congo,,red,pending,5692.49
107,Alix,Szymanowski,26,aszymanowski2y@nba.com,South Africa,4430,blue,inactive,3005.91
108,Rodolph,Claasen,43,rclaasen2z@stumbleupon.com,South Africa,2525,red,active,5745.45
109,Rudolfo,Siddele,29,rsiddele30@mlb.com,Sweden,241 32,blue,active,165.28
110,Javier,Larmor,18,jlarmor31@forbes.com,Poland,32-060,blue,inactive,938.79
111,Alyssa,Cockroft,49,acockroft32@army.mil,Indonesia,,blue,active,7306.94
112,Joseph,Willatts,40,jwillatts33@unesco.org,Philippines,6414,green,pending,836.7
113,Melba,Mufford,26,mmufford34@digg.com,Greece,,green,inactive,5027.43
114,Prissie,Cavnor,19,pcavnor35@google.es,Ukraine,,blue,pending,3922.94
115,Hobie,de Clerc,34,hdeclerc36@com.com,France,84104 CEDEX,green,inactive,3166.21
116,Dolly,McTague,53,dmctague37@yahoo.com,Indonesia,,green,active,1745.39
117,Ker,Gillanders,82,kgillanders38@mit.edu,Japan,999-2256,red,active,1807.79
118,Daisi,Lugton,61,dlugton39@weather.com,Brazil,69405-000,green,active,7191.55
119,Carolan,Sorsbie,71,csorsbie3a@twitpic.com,China,,green,pending,2683.7
120,Allyson,Walesa,28,awalesa3b@blogs.com,Panama,,green,inactive,9943.36
121,Hiram,Blewitt,60,hblewitt3c@deliciousdays.com,Czech Republic,252 46,blue,inactive,979.26
122,Felipa,Cutchie,20,fcutchie3d@prnewswire.com,China,,red,active,4624.83
123,Malvina,Farfull,24,mfarfull3e@pen.io,Mozambique,,blue,active,5407.01
124,Whitman,Maplethorpe,18,wmaplethorpe3f@taobao.com,Germany,80995,green,inactive,9057.0
125,Hedy,Harris,47,hharris3g@yellowbook.com,Ethiopia,,red,inactive,379.34
126,Manda,Wedmore.,39,mwedmore3h@soundcloud.com,Peru,,blue,inactive,7117.8
127,Dana,Perelli,43,dperelli3i@dion.ne.jp,Ivory Coast,,green,active,454.8
128,Coral,Carless,66,ccarless3j@skype.com,Poland,63-642,red,pending,6805.28
129,Brander,Ghelarducci,45,bghelarducci3k@etsy.com,Philippines,6313,red,active,1573.3
130,Dory,Brownsill,75,dbrownsill3l@joomla.org,Indonesia,,blue,active,7163.8
131,Llewellyn,De Dei,34,ldedei3m@nytimes.com,Moldova,MD-7702,red,pending,6812.08
132,Tannie,Godly,39,tgodly3n@liveinternet.ru,Sudan,,red,pending,2616.84
133,Khalil,Raymond,63,kraymond3o@msu.edu,Philippines,5409,red,inactive,8431.31
134,Libby,Ellin,41,lellin3p@blogtalkradio.com,Peru,,red,inactive,3462.18
135,Farah,Sheather,52,fsheather3q@prweb.com,Greece,,blue,active,2863.5
136,Kris,Izzett,78,kizzett3r@delicious.com,Indonesia,,red,active,7308.98
137,Joshua,Dunnion,43,jdunnion3s@about.com,Indonesia,,green,active,1245.38
138,Jacinthe,Gentsch,42,jgentsch3t@4shared.com,Indonesia,,green,pending,5946.9
139,Germaine,Embury,71,gembury3u@mac.com,Greece,,red,pending,5805.47
140,Ambros,Jacombs,27,ajacombs3v@icq.com,China,,blue,inactive,7036.02
141,Martina,Chambers,48,mchambers3w@dell.com,Colombia,476048,blue,inactive,1661.47
142,Rooney,Janton,84,rjanton3x@state.gov,Philippines,2819,blue,active,125.71
143,Lissy,Lowery,56,llowery3y@apache.org,Indonesia,,red,pending,5132.51
144,Livvyy,Kippling,57,lkippling3z@artisteer.com,China,,green,pending,5391.47
145,Justinian,Kerfut,67,jkerfut40@cafepress.com,France,45979 CEDEX 9,green,inactive,9204.08
146,Giff,Trask,54,gtrask41@deviantart.com,Philippines,1659,red,active,4939.58
147,Fidela,Pagan,60,fpagan42@wordpress.org,Kazakhstan,,blue,inactive,2735.0
148,Alfi,Colqueran,61,acolqueran43@nydailynews.com,Vietnam,,green,pending,7873.71
149,Pip,Stapforth,46,pstapforth44@newyorker.com,Greece,,red,active,1480.21
150,Sawyere,O'Hogertie,68,sohogertie45@unicef.org,Argentina,5172,green,inactive,9080.06
151,Pet,Nell,28,pnell46@godaddy.com,Russia,404264,blue,active,893.62
152,Kev,Videler,77,kvideler47@hhs.gov,Spain,12005,blue,active,166.58
153,Ewen,Bradnock,57,ebradnock48@ted.com,Serbia,,red,pending,3408.08
154,Ollie,O'Dwyer,60,oodwyer49@census.gov,Philippines,6122,red,active,8022.2
155,Perry,Quarton,42,pquarton4a@istockphoto.com,Philippines,4407,red,inactive,7424.38
156,Raimund,Limpkin,44,rlimpkin4b@redcross.org,Russia,676280,red,inactive,935.55
157,Giffie,Broxup,82,gbroxup4c@360.cn,Chile,,blue,inactive,2801.47
158,Tracee,Brett,61,tbrett4d@wsj.com,China,,green,inactive,3993.66
159,Annabel,Aizikowitz,42,aaizikowitz4e@weebly.com,Democratic Republic of the Congo,,red,inactive,1116.73
160,Shermie,Novotni,64,snovotni4f@unicef.org,China,,blue,inactive,8388.8
161,Terrill,Tadgell,84,ttadgell4g@github.com,Madagascar,,red,active,2609.35
162,Keslie,Blair,44,kblair4h@liveinternet.ru,Indonesia,,red,inactive,3102.56
163,Dody,Cramer,67,dcramer4i@hubpages.com,Philippines,4405,blue,pending,2465.81
164,Harcourt,Krebs,60,hkrebs4j@forbes.com,Nigeria,,red,active,8568.09
165,Arlen,Hannan,68,ahannan4k@home.pl,Poland,00-458,green,inactive,1271.94
166,Tome,Sweatland,45,tsweatland4l@printfriendly.com,South Africa,9492,green,inactive,2165.02
167,Cassandre,Drewe,50,cdrewe4m@mapquest.com,Thailand,72240,blue,active,4167.02
168,Brena,De Ferrari,75,bdeferrari4n@twitter.com,Greece,,blue,inactive,837.17
169,Bettine,Stickler,39,bstickler4o@cdbaby.com,Mexico,93270,blue,pending,1729.93
170,Ketty,Goldis,80,kgoldis4p@earthlink.net,China,,green,pending,1728.66
171,Jeannie,Maile,47,jmaile4q@google.ru,Poland,87-601,green,active,8182.02
172,Prue,Drewell,32,pdrewell4r@wikimedia.org,Cameroon,,blue,pending,9404.58
173,Indira,Gatheridge,19,igatheridge4s@google.ca,China,,red,active,4819.85
174,Thedrick,Abatelli,40,tabatelli4t@youtube.com,Denmark,1360,blue,inactive,322.91
175,Lezlie,Caskey,79,lcaskey4u@abc.net.au,Russia,385232,red,active,585.81
176,Gayleen,Taylor,51,gtaylor4v@hugedomains.com,China,,red,inactive,103.63
177,Laurice,Mapother,24,lmapother4w@soundcloud.com,Indonesia,,green,inactive,4911.03
178,Jarad,Owbridge,80,jowbridge4x@jimdo.com,Russia,142279,green,pending,2548.87
179,Robinetta,Smallman,73,rsmallman4y@amazonaws.com,Sweden,268 32,blue,active,7201.36
180,Tobey,Dyka,73,tdyka4z@barnesandnoble.com,China,,red,pending,2200.56
181,Marcos,Edkins,42,medkins50@unc.edu,Canada,J5J,green,inactive,2734.0
182,Alia,Vurley,78,avurley51@flickr.com,Russia,433303,green,inactive,228.87
183,Stevena,Boissieux,54,sboissieux52@tripod.com,France,15015 CEDEX,blue,active,2392.94
184,Granthem,Dalmon,32,gdalmon53@zdnet.com,Belarus,,blue,inactive,9758.14
185,Archibaldo,Cosslett,57,acosslett54@mlb.com,China,,blue,pending,136.84
186,Dar,Bollin,76,dbollin55@reddit.com,Brazil,59575-000,red,inactive,376.88
187,Caroline,Malenfant,46,cmalenfant56@toplist.cz,China,,green,pending,7902.87
188,Almeda,Grenshields,23,agrenshields57@chicagotribune.com,Philippines,1104,blue,inactive,5148.53
189,Lucais,Gillmor,80,lgillmor58@pen.io,Philippines,6539,red,inactive,1314.93
190,Walker,Lighton,29,wlighton59@ovh.net,China,,red,active,3556.86
191,Sylvan,Gerrelts,21,sgerrelts5a@reuters.com,Brazil,65980-000,green,inactive,5869.92
192,George,Cranke,79,gcranke5b@amazon.co.uk,United States,78205,blue,inactive,155.28
193,Bradford,Grumley,82,bgrumley5c@sun.com,Portugal,4820-781,green,inactive,8457.3
194,Kassey,Chaffin,47,kchaffin5d@omniture.com,Indonesia,,green,active,1661.96
195,Daryn,Gillie,80,dgillie5e@about.com,Russia,143026,blue,inactive,4021.43
196,April,Marl,85,amarl5f@hubpages.com,Indonesia,,blue,inactive,7076.22
197,Hinze,Vanyashin,38,hvanyashin5g@ed.gov,Japan,882-1622,green,pending,3748.91
198,Joseph,Elmer,23,jelmer5h@scientificamerican.com,Russia,352101,blue,inactive,6747.5
199,Tracy,Chitson,62,tchitson5i@army.mil,Iran,,red,active,8619.24
200,Ellissa,Methuen,70,emethuen5j@yandex.ru,China,,red,pending,9631.44
201,Petronella,Criple,51,pcriple5k@adobe.com,Brazil,74000-000,red,inactive,4770.59
202,Kassie,Mewha,76,kmewha5l@ed.gov,Indonesia,,red,pending,1239.87
203,Tracie,Strass,36,tstrass5m@amazon.de,Venezuela,,blue,inactive,9295.84
204,Kayley,Heiss,52,kheiss5n@state.tx.us,Iran,,red,active,2538.82
205,Corabel,Winnister,59,cwinnister5o@godaddy.com,Madagascar,,blue,active,8691.33
206,Rey,Jephcott,84,rjephcott5p@kickstarter.com,Indonesia,,green,inactive,1809.16
207,Iona,Pooley,31,ipooley5q@gravatar.com,Russia,646130,green,pending,124.5
208,Joshuah,Palliser,28,jpalliser5r@weather.com,United States,47719,green,inactive,8672.79
209,Martyn,Selbach,73,mselbach5s@cisco.com,Philippines,7209,red,active,7303.19
210,Jamie,Joye,21,jjoye5t@mapy.cz,China,,red,active,8904.52
211,Aloysius,Grishin,27,agrishin5u@ucla.edu,Brazil,86180-000,blue,inactive,3326.23
212,Keelia,Scurrell,75,kscurrell5v@privacy.gov.au,Ukraine,,red,inactive,7670.65
213,Odessa,Elderkin,53,oelderkin5w@cloudflare.com,Bangladesh,6510,green,inactive,7099.03
214,Daisi,Beaven,36,dbeaven5x@who.int,Thailand,86110,green,inactive,3832.51
215,Marja,O'Keaveny,29,mokeaveny5y@clickbank.net,United States,28263,blue,pending,4878.1
216,Evanne,Grebbin,74,egrebbin5z@clickbank.net,Indonesia,,green,pending,2532.82
217,Morris,Carsberg,70,mcarsberg60@census.gov,Brazil,96470-000,blue,active,1030.02
218,Aloisia,McQuade,68,amcquade61@mashable.com,Ukraine,,red,inactive,9642.65
219,Moritz,Quoit,28,mquoit62@shareasale.com,Peru,,red,active,3053.06
220,Roch,Haggerty,48,rhaggerty63@ocn.ne.jp,Myanmar,,green,active,6745.27
221,Loydie,Moakes,52,lmoakes64@icio.us,Belarus,,red,pending,834.39
222,Frazier,Niaves,46,fniaves65@omniture.com,China,,red,pending,4027.57
223,Erin,Conrad,56,econrad66@paginegialle.it,Argentina,5300,red,pending,2348.49
224,Augusto,Shadbolt,25,ashadbolt67@about.com,Indonesia,,blue,inactive,5307.15
225,Granger,Jagels,20,gjagels68@usa.gov,Argentina,5500,blue,inactive,6608.66
226,Wendye,Kobu,19,wkobu69@fc2.com,Nigeria,,blue,pending,5218.95
227,Derrik,Ganforth,37,dganforth6a@google.it,Colombia,150208,green,pending,7587.04
228,Dela,Gwinnell,37,dgwinnell6b@cnn.com,Denmark,1618,blue,active,3908.54
229,Kit,Lornsen,53,klornsen6c@opera.com,China,,red,active,9048.32
230,Vonni,Heinreich,76,vheinreich6d@state.gov,Indonesia,,red,pending,8370.85
231,Teddie,Schroder,68,tschroder6e@psu.edu,Chile,,blue,pending,5902.48
232,Lucius,Davidy,48,ldavidy6f@marriott.com,China,,blue,inactive,1494.61
233,Celle,Pryn,38,cpryn6g@geocities.com,South Africa,9789,red,inactive,7246.41
234,Annalise,Padson,24,apadson6h@pen.io,China,,red,active,7190.25
235,Esteban,Pundy,65,epundy6i@columbia.edu,China,,red,active,6095.8
236,Bayard,Pottle,54,bpottle6j@ihg.com,Portugal,6230-060,red,pending,6670.65
237,Tamiko,Shermar,62,tshermar6k@t.co,Ukraine,,red,active,3656.9
238,Gerri,Sunnucks,56,gsunnucks6l@state.gov,Russia,452538,green,active,4293.32
239,Ambrosi,Ancliff,30,aancliff6m@tuttocitta.it,Russia,386340,green,inactive,6002.68
240,Etienne,Terzo,45,eterzo6n@utexas.edu,Indonesia,,green,active,5702.13
241,Austen,Brookhouse,52,abrookhouse6o@mapy.cz,Armenia,,green,active,4758.18
242,Gunilla,Tiffin,82,gtiffin6p@zdnet.com,China,,green,inactive,7968.16
243,Rockey,Kinchin,44,rkinchin6q@jalbum.net,Netherlands,3004,green,inactive,6498.47
244,Crin,Stoffers,75,cstoffers6r@delicious.com,Indonesia,,red,pending,2164.68
245,Fleming,Rigmand,43,frigmand6s@posterous.com,Uganda,,red,active,1593.45
246,Roxana,Durman,43,rdurman6t@mediafire.com,Russia,301259,green,pending,1736.36
247,Tye,Regenhardt,78,tregenhardt6u@nydailynews.com,Luxembourg,L-8295,blue,inactive,2832.21
248,Cherilynn,Spellworth,70,cspellworth6v@bigcartel.com,Peru,,red,pending,5075.28
249,Berna,Pickaver,39,bpickaver6w@storify.com,Armenia,,blue,inactive,3139.69
250,Heidie,Salterne,55,hsalterne6x@nature.com,France,21030 CEDEX,red,active,1786.15
251,Rutherford,Cobbledick,60,rcobbledick6y@si.edu,Brazil,57800-000,blue,active,6512.84
252,Chane,Tolcharde,52,ctolcharde6z@latimes.com,Argentina,3560,blue,inactive,1319.52
253,Georgi,Blackaller,42,gblackaller70@thetimes.co.uk,Czech Republic,394 15,blue,active,4645.67
254,Cathee,Kembrey,81,ckembrey71@feedburner.com,Angola,,blue,pending,1058.83
255,Heddi,Bresman,56,hbresman72@trellian.com,Philippines,9104,red,active,3856.28
256,Ilise,Fenner,66,ifenner73@reference.com,Brazil,35570-000,red,inactive,5121.0
257,Wallis,Bosnell,58,wbosnell74@bbb.org,Portugal,5100-121,blue,pending,228.48
258,Bamby,Lindborg,73,blindborg75@arstechnica.com,Russia,646400,green,active,6629.02
259,Hastings,Baptista,46,hbaptista76@moonfruit.com,Sweden,405 33,blue,pending,1022.01
260,Dionne,Liepins,21,dliepins77@gravatar.com,China,,blue,pending,7450.59
261,Arielle,Deyes,21,adeyes78@macromedia.com,Japan,761-4146,red,active,1342.7
262,Bobbi,Eberdt,73,beberdt79@yahoo.com,China,,red,inactive,7134.49
263,Kelsy,Fosdick,69,kfosdick7a@google.cn,Mozambique,,red,pending,8149.51
264,Nevil,Opdenorth,67,nopdenorth7b@jugem.jp,China,,green,active,2063.12
265,Antonetta,Island,81,aisland7c@goo.ne.jp,Peru,,red,inactive,6724.83
266,Aloysia,Hourihan,69,ahourihan7d@a8.net,China,,blue,inactive,5346.62
267,Wilden,Ambrogini,20,wambrogini7e@cloudflare.com,Indonesia,,blue,inactive,3371.1
268,Eveline,Menaul,61,emenaul7f@skype.com,Peru,,green,inactive,207.06
269,Durante,Wayte,39,dwayte7g@ted.com,Ukraine,,red,pending,6976.82
270,Biddy,Roze,23,broze7h@wiley.com,Yemen,,red,active,728.96
271,Mitchel,Forton,45,mforton7i@dion.ne.jp,Japan,612-8447,blue,pending,2247.38
272,Prudence,Porrett,49,pporrett7j@seesaa.net,Sweden,685 24,blue,inactive,7379.28
273,Leandra,Guerreau,75,lguerreau7k@addthis.com,Mexico,31803,blue,active,8189.58
274,Carine,Greenin,65,cgreenin7l@usgs.gov,Netherlands,2309,blue,inactive,3773.03
275,Cynde,Gerbi,38,cgerbi7m@constantcontact.com,Gambia,,green,inactive,7241.42
276,Malinde,Soppeth,50,msoppeth7n@bigcartel.com,China,,blue,pending,5682.17
277,Willamina,Sillitoe,21,wsillitoe7o@gravatar.com,Guadeloupe,97159 CEDEX,blue,inactive,9662.42
278,Maegan,Jaffra,42,mjaffra7p@acquirethisname.com,Vietnam,,blue,inactive,3975.82
279,Brandtr,Casoni,29,bcasoni7q@oaic.gov.au,Vietnam,,green,active,9775.75
280,Kaitlyn,Sibylla,46,ksibylla7r@oracle.com,Canada,K7G,red,inactive,6008.0
281,Isidor,Brettelle,44,ibrettelle7s@ameblo.jp,Portugal,3025-389,blue,inactive,9345.67
282,Cedric,Schachter,70,cschachter7t@craigslist.org,China,,blue,inactive,9766.44
283,Pepi,Rivitt,26,privitt7u@rediff.com,Indonesia,,green,active,4131.31
284,Dominic,Fetter,72,dfetter7v@boston.com,Bangladesh,9413,red,active,5680.32
285,Joly,Fanti,28,jfanti7w@creativecommons.org,Portugal,2705-785,red,inactive,57.38
286,Joanne,Venny,52,jvenny7x@patch.com,Belarus,,green,active,5743.82
287,Vilma,Cleeves,43,vcleeves7y@wordpress.org,China,,blue,pending,9565.66
288,Laurena,Corwood,62,lcorwood7z@163.com,Russia,352574,green,pending,3916.69
289,Luigi,Riglesford,39,lriglesford80@biblegateway.com,China,,green,inactive,3268.92
290,Delmar,Aggas,27,daggas81@over-blog.com,China,,red,inactive,2235.85
291,Gerick,Clearley,85,gclearley82@springer.com,Russia,368293,green,active,3626.6
292,Eldon,Lafford,64,elafford83@umich.edu,France,75075 CEDEX 02,blue,pending,630.46
293,Donal,Shirt,22,dshirt84@webnode.com,Peru,,blue,active,447.97
294,Aggy,Beevors,70,abeevors85@nature.com,France,94657 CEDEX,red,inactive,8290.91
295,Reynold,Mobberley,56,rmobberley86@ebay.co.uk,Indonesia,,blue,active,1254.46
296,Tammie,Attfield,29,tattfield87@gravatar.com,New Zealand,3382,green,active,3235.65
297,Ira,Syres,80,isyres88@chron.com,Philippines,3527,blue,pending,9466.87
298,Wandie,Merington,81,wmerington89@4shared.com,Kiribati,,blue,pending,1083.03
299,Dalli,Siney,45,dsiney8a@ucla.edu,China,,blue,pending,2606.16
300,Pooh,Gottelier,23,pgottelier8b@youtube.com,Philippines,6037,red,pending,2476.31
301,Konstantin,Dykas,77,kdykas8c@yellowbook.com,Indonesia,,red,inactive,6629.23
302,Arluene,Coulthard,44,acoulthard8d@ucsd.edu,Portugal,4625-619,red,inactive,5485.6
303,Pearla,Wharrier,41,pwharrier8e@fc2.com,Syria,,red,pending,5291.28
304,Ellery,Colliar,75,ecolliar8f@dot.gov,Canada,S4X,blue,inactive,8992.37
305,Rudie,Aberdalgy,83,raberdalgy8g@mediafire.com,Indonesia,,blue,inactive,7998.95
306,Noland,Weond,63,nweond8h@a8.net,Brazil,15830-000,green,pending,1685.36
307,Sayres,Blampy,73,sblampy8i@wufoo.com,Indonesia,,green,active,7265.58
308,Georgianne,Dew,49,gdew8j@wp.com,China,,blue,pending,8053.12
309,Skipper,MacPhaden,37,smacphaden8k@youtu.be,Malta,TXN,red,inactive,773.33
310,Niccolo,Duprey,30,nduprey8l@europa.eu,Mongolia,,green,inactive,3869.11
311,Wayland,Lisciandro,43,wlisciandro8m@bloglines.com,Mexico,54784,blue,active,2611.94
312,Cliff,Lockyer,22,clockyer8n@hhs.gov,Portugal,4560-832,red,pending,8775.25
313,Britt,Mariner,46,bmariner8o@weebly.com,Indonesia,,green,pending,5724.27
314,Myrta,Deschelle,65,mdeschelle8p@tamu.edu,China,,blue,active,1846.08
315,Consalve,Mahy,29,cmahy8q@yahoo.co.jp,Philippines,0950,green,inactive,7649.0
316,Burnaby,Bellow,50,bbellow8r@gravatar.com,Syria,,green,pending,9349.78
317,Roderick,Choupin,64,rchoupin8s@e-recht24.de,China,,green,pending,461.04
318,Ivy,McCorrie,50,imccorrie8t@sakura.ne.jp,Indonesia,,blue,active,4790.53
319,Carr,Depport,44,cdepport8u@jalbum.net,United States,58122,red,active,1841.57
320,Nolly,Titchen,51,ntitchen8v@hatena.ne.jp,China,,blue,pending,1440.51
321,Fiann,Pegden,45,fpegden8w@huffingtonpost.com,Sweden,372 53,blue,inactive,2389.59
322,Damien,Henrichs,27,dhenrichs8x@blogtalkradio.com,Russia,442965,blue,active,2968.55
323,Jessalyn,Guare,28,jguare8y@mtv.com,Philippines,6311,blue,inactive,7139.36
324,Merrielle,Orrobin,25,morrobin8z@mashable.com,Paraguay,,red,inactive,1649.52
325,Cointon,Bamling,74,cbamling90@typepad.com,Ukraine,,blue,active,5467.5
326,Lorita,Keating,33,lkeating91@reverbnation.com,Indonesia,,blue,pending,8684.05
327,Marlena,Barkas,59,mbarkas92@bloglovin.com,China,,red,pending,4608.04
328,Sibella,Ireland,68,sireland93@nature.com,China,,blue,active,6376.3
329,Deidre,Vossing,36,dvossing94@statcounter.com,Brazil,98130-000,green,active,4670.96
330,Helen,Paeckmeyer,77,hpaeckmeyer95@ucsd.edu,China,,green,inactive,3494.29
331,Orion,Hullock,51,ohullock96@icio.us,Vietnam,,green,inactive,8051.97
332,Clerkclaude,Sant,25,csant97@redcross.org,Philippines,5046,blue,active,9734.16
333,Heloise,Leftly,79,hleftly98@pbs.org,Thailand,41220,blue,active,8478.18
334,Clayson,Yakubovics,28,cyakubovics99@weebly.com,Brazil,53600-000,red,active,9501.75
335,Osborne,Prime,59,oprime9a@cdbaby.com,Macedonia,1040,red,active,9360.44
336,Dee dee,Oliphand,71,doliphand9b@squidoo.com,Nigeria,,blue,active,6323.39
337,Cristina,Dronsfield,22,cdronsfield9c@uol.com.br,Colombia,763049,blue,pending,8854.96
338,Jaymie,Dewdeny,37,jdewdeny9d@washingtonpost.com,Russia,427920,red,pending,2193.83
339,Amandie,Carlisso,44,acarlisso9e@fastcompany.com,China,,green,active,6488.51
340,Barron,Goolden,71,bgoolden9f@kickstarter.com,China,,green,pending,560.01
341,Alanson,Choppen,58,achoppen9g@usnews.com,Brazil,12500-000,green,pending,9603.23
342,Emmaline,Daile,36,edaile9h@foxnews.com,Poland,34-125,blue,active,988.15
343,Cesare,Dowson,29,cdowson9i@meetup.com,Poland,32-089,green,inactive,98.97
344,Deloris,Jessopp,34,djessopp9j@un.org,China,,red,active,1589.46
345,Dionisio,Seymark,85,dseymark9k@issuu.com,China,,red,pending,5546.5
346,Shirlene,Shapera,46,sshapera9l@google.com,Philippines,8505,blue,pending,8927.79
347,Moritz,Howship,77,mhowship9m@psu.edu,Indonesia,,red,active,5019.9
348,Willi,Karolowski,29,wkarolowski9n@kickstarter.com,Indonesia,,blue,pending,9361.44
349,Sheff,MacShane,58,smacshane9o@cam.ac.uk,South Korea,,red,inactive,4355.75
350,Marijn,Cox,41,mcox9p@theglobeandmail.com,Philippines,4321,blue,inactive,3870.33
351,Jesse,Aleksich,50,jaleksich9q@paginegialle.it,Zimbabwe,,blue,inactive,9942.43
352,Christabella,Midgley,44,cmidgley9r@myspace.com,United Kingdom,EC3M,green,active,8862.31
353,Jennine,Yanov,26,jyanov9s@chronoengine.com,Brazil,39820-000,blue,inactive,7865.68
354,Faustine,Lissaman,19,flissaman9t@nsw.gov.au,United States,98687,green,active,9553.61
355,Therese,Roskam,59,troskam9u@istockphoto.com,Portugal,2495-555,blue,inactive,2143.44
356,Gerianne,Slorance,20,gslorance9v@zimbio.com,Indonesia,,green,active,8423.96
357,Antonetta,Gauthorpp,76,agauthorpp9w@amazon.co.jp,China,,red,inactive,1030.4
358,Shurlock,Le Jean,36,slejean9x@google.co.uk,Indonesia,,blue,inactive,4890.53
359,Carri,Lindfors,62,clindfors9y@tmall.com,Sweden,391 84,red,inactive,3426.27
360,Gerianne,Rowen,65,growen9z@huffingtonpost.com,Venezuela,,blue,pending,4177.27
361,Sylas,Wiper,67,swipera0@alibaba.com,Burkina Faso,,green,pending,6976.65
362,Ivory,Shakesby,55,ishakesbya1@fc2.com,Philippines,2713,blue,active,1605.71
363,Adella,Airds,65,aairdsa2@ebay.com,Russia,155051,green,inactive,2928.66
364,Pasquale,Kenway,79,pkenwaya3@fda.gov,Brazil,15700-000,blue,inactive,4819.21
365,Andria,Coxwell,29,acoxwella4@nature.com,China,,blue,active,7221.28
366,Dorolice,Hinder,61,dhindera5@aol.com,Indonesia,,red,pending,7212.41
367,Wini,Dowley,28,wdowleya6@disqus.com,China,,blue,inactive,626.98
368,Vernor,Heineking,64,vheinekinga7@angelfire.com,France,27036 CEDEX,red,active,502.7
369,Sadella,Thumnel,71,sthumnela8@businessinsider.com,Guatemala,06011,blue,inactive,6755.19
370,Bernardina,Castellani,70,bcastellania9@umich.edu,Ukraine,,red,inactive,9083.34
371,Arlen,McGauhy,66,amcgauhyaa@home.pl,Sierra Leone,,green,active,3206.01
372,Lanni,Cloute,48,lclouteab@stumbleupon.com,Portugal,2500-370,red,inactive,4481.72
373,Angele,Moffat,80,amoffatac@homestead.com,China,,red,pending,7340.58
374,Stanly,Issatt,56,sissattad@yahoo.co.jp,Poland,05-090,green,active,4894.56
375,Alison,Iltchev,83,ailtchevae@hhs.gov,Poland,62-056,red,active,9457.78
376,Rudolf,Sweetman,43,rsweetmanaf@reddit.com,United States,17126,blue,pending,7780.4
377,Kirsten,Glave,25,kglaveag@tinyurl.com,Kyrgyzstan,,red,pending,7825.59
378,Harriett,McNicol,58,hmcnicolah@flickr.com,Brazil,63900-000,green,pending,8236.85
379,Kerby,Strugnell,46,kstrugnellai@abc.net.au,United States,43666,blue,active,5042.95
380,Thornie,Maysor,26,tmaysoraj@tinypic.com,Thailand,47140,blue,pending,1257.39
381,Bird,Heard,22,bheardak@cnet.com,France,07509 CEDEX,green,pending,2969.95
382,Kari,Piercey,29,kpierceyal@hubpages.com,Philippines,5105,blue,inactive,2040.88
383,Carmina,Tildesley,47,ctildesleyam@answers.com,Sweden,182 74,blue,inactive,5038.61
384,Charlot,Shingfield,40,cshingfieldan@telegraph.co.uk,China,,blue,inactive,7174.72
385,Kipp,Cartmail,56,kcartmailao@unicef.org,Denmark,1349,green,active,5520.47
386,Margie,Avory,62,mavoryap@cocolog-nifty.com,Canada,T8S,blue,pending,3265.81
387,Kai,Rousel,74,krouselaq@xing.com,United States,80044,blue,inactive,7451.62
388,Cariotta,Plumridge,34,cplumridgear@dailymail.co.uk,Russia,143650,blue,active,4202.86
389,Sydney,Beese,39,sbeeseas@free.fr,France,75455 CEDEX 09,blue,pending,2931.42
390,Nicol,Goosey,48,ngooseyat@ovh.net,Colombia,232538,blue,inactive,869.23
391,Ban,Burdekin,84,bburdekinau@e-recht24.de,Poland,21-450,blue,inactive,5075.25
392,Jany,Dorsey,29,jdorseyav@pen.io,Indonesia,,blue,inactive,1355.96
393,Archaimbaud,Bounds,35,aboundsaw@cmu.edu,Russia,172126,green,pending,4893.28
394,Opalina,O'Mannion,65,oomannionax@t.co,Finland,15880,red,inactive,6616.35
395,Desdemona,Geggie,80,dgeggieay@linkedin.com,Portugal,4755-318,blue,pending,2784.39
396,Delmer,Beagles,61,dbeaglesaz@nationalgeographic.com,Brazil,25500-000,blue,inactive,1888.01
397,Araldo,Froome,24,afroomeb0@reuters.com,Mexico,39200,blue,active,460.67
398,Mac,Hartle,74,mhartleb1@twitter.com,China,,blue,active,5225.5
399,Moira,Delion,32,mdelionb2@is.gd,United States,55123,blue,inactive,5414.9
400,Samantha,Endle,53,sendleb3@barnesandnoble.com,United Kingdom,RG20,red,pending,1286.21
401,Krishnah,Alwell,36,kalwellb4@unblog.fr,China,,green,pending,4041.22
402,Emmett,Penley,43,epenleyb5@gmpg.org,Indonesia,,blue,inactive,7453.74
403,Rad,Warret,60,rwarretb6@chron.com,Brazil,88600-000,green,pending,5533.33
404,Bernelle,Nanetti,54,bnanettib7@go.com,Peru,,red,active,2101.98
405,Iosep,Aburrow,79,iaburrowb8@vistaprint.com,China,,blue,inactive,5200.1
406,Codi,Kropp,40,ckroppb9@businesswire.com,Canada,J2K,red,active,1269.79
407,Shelby,Thake,79,sthakeba@flickr.com,Philippines,8113,blue,pending,7611.61
408,Rania,Petkovic,81,rpetkovicbb@nhs.uk,China,,green,active,8178.12
409,Pearline,Moneti,34,pmonetibc@scribd.com,Indonesia,,blue,active,6373.78
410,Curcio,Johnson,30,cjohnsonbd@jiathis.com,France,83953 CEDEX,green,active,2548.66
411,Kirby,Wellan,31,kwellanbe@techcrunch.com,China,,red,pending,7399.54
412,Fulton,Izakof,23,fizakofbf@psu.edu,China,,red,inactive,1214.02
413,Dimitry,Yeulet,39,dyeuletbg@gmpg.org,Netherlands,1404,blue,pending,8540.52
414,Nolan,Cousin,82,ncousinbh@smh.com.au,Indonesia,,red,inactive,9119.83
415,Jacques,Boys,57,jboysbi@infoseek.co.jp,Guinea,,red,active,1488.4
416,Anabel,Gofforth,82,agofforthbj@usa.gov,Thailand,55130,red,pending,5791.88
417,Minetta,Haile,81,mhailebk@bloomberg.com,Philippines,3115,green,inactive,6466.96
418,Wendall,Labbett,76,wlabbettbl@yelp.com,Mexico,51372,blue,pending,7590.93
419,Cheston,Shickle,18,cshicklebm@jimdo.com,Indonesia,,green,inactive,2920.28
420,Ramsay,Long,57,rlongbn@skyrock.com,Italy,16124,green,pending,2939.62
421,Nissie,Schooling,43,nschoolingbo@opera.com,Czech Republic,394 03,blue,active,3432.6
422,Erinn,Daborne,23,edabornebp@sogou.com,Poland,63-308,red,pending,7714.78
423,Meredith,Pring,68,mpringbq@oakley.com,China,,green,pending,1137.81
424,Arte,Aicheson,71,aaichesonbr@tumblr.com,Georgia,,blue,active,6120.65
425,Phillida,Snalum,48,psnalumbs@hibu.com,Indonesia,,red,active,567.01
426,Phedra,Hinsch,23,phinschbt@un.org,Chile,,green,active,4108.72
427,Tally,Fountaine,66,tfountainebu@usgs.gov,Peru,,red,inactive,5880.22
428,Otes,Coppins,58,ocoppinsbv@msu.edu,Venezuela,,red,active,6475.98
429,Cchaddie,Trime,32,ctrimebw@jimdo.com,Poland,27-612,blue,pending,1993.85
430,Jacynth,Whisby,30,jwhisbybx@omniture.com,United States,33982,green,pending,3703.48
431,Camellia,Shurlock,63,cshurlockby@hud.gov,Ukraine,,red,active,431.86
432,Stacia,Kitchen,57,skitchenbz@google.com.br,Indonesia,,red,inactive,9523.46
433,Hortensia,Tremmel,50,htremmelc0@bloomberg.com,Cameroon,,blue,pending,5602.68
434,Elizabeth,Awcock,49,eawcockc1@livejournal.com,Indonesia,,green,active,2764.83
435,Janeta,Giovanitti,63,jgiovanittic2@naver.com,Indonesia,,green,active,8001.72
436,Robin,Caccavari,21,rcaccavaric3@stanford.edu,Russia,188360,green,active,6392.01
437,Kain,Brobeck,41,kbrobeckc4@bbc.co.uk,Bermuda,,blue,active,1599.96
438,Licha,Rizzolo,22,lrizzoloc5@irs.gov,Ethiopia,,blue,inactive,9107.67
439,Nester,Swin,62,nswinc6@constantcontact.com,Greece,,blue,active,8941.18
440,Sven,Fannon,80,sfannonc7@naver.com,Guatemala,19004,red,inactive,3494.04
441,Antonius,Silby,29,asilbyc8@is.gd,Peru,,green,active,3989.93
442,Patty,Belward,35,pbelwardc9@twitpic.com,Serbia,,blue,active,1054.43
443,Sheffie,MacLice,80,smacliceca@tinypic.com,Russia,674230,green,pending,49.3
444,Salomo,Bowness,35,sbownesscb@jugem.jp,Poland,32-052,red,active,8826.11
445,Fred,Gorini,56,fgorinicc@forbes.com,Ireland,D12,blue,active,5046.42
446,Hyacintha,O'Gormley,79,hogormleycd@europa.eu,Bolivia,,green,inactive,69.26
447,Far,Colchett,54,fcolchettce@loc.gov,Tajikistan,,blue,active,9487.05
448,Brigid,Delahunty,68,bdelahuntycf@bandcamp.com,Afghanistan,,red,active,8562.22
449,Bernard,Schonfeld,67,bschonfeldcg@hibu.com,China,,green,active,4135.43
450,Joela,Ubsdell,30,jubsdellch@a8.net,Uganda,,blue,pending,9451.8
451,Errick,Erni,19,eernici@ibm.com,Czech Republic,289 22,red,inactive,7373.97
452,Skelly,Fealty,70,sfealtycj@sfgate.com,Peru,,red,active,2249.75
453,Bamby,Petchell,42,bpetchellck@over-blog.com,Brazil,49514-000,green,inactive,7964.44
454,Keen,Lucio,63,kluciocl@twitpic.com,Indonesia,,blue,active,4317.05
455,Tammy,Sturdgess,52,tsturdgesscm@histats.com,Philippines,7210,blue,pending,8464.08
456,Cleon,Pellant,78,cpellantcn@stanford.edu,Russia,601642,blue,inactive,8920.93
457,Rab,Hourston,35,rhourstonco@scribd.com,Portugal,2970-833,blue,pending,2151.82
458,Rurik,Jacobssen,69,rjacobssencp@moonfruit.com,China,,green,inactive,1745.56
459,Lanny,Porter,61,lportercq@irs.gov,United States,32277,red,inactive,6319.48
460,Aline,Petyt,39,apetytcr@skype.com,Canada,J7X,blue,active,3135.39
461,Elva,Kringe,73,ekringecs@smugmug.com,Indonesia,,red,active,3123.19
462,Enrichetta,Anwell,34,eanwellct@alibaba.com,Nigeria,,blue,active,6110.21
463,Chad,Lathee,43,clatheecu@issuu.com,Azerbaijan,,red,pending,3301.62
464,Norean,O'Finan,62,nofinancv@csmonitor.com,Ukraine,,green,active,6118.71
465,Jedd,Chapelhow,29,jchapelhowcw@xrea.com,Portugal,4715-529,blue,pending,914.35
466,Gannon,Skivington,63,gskivingtoncx@canalblog.com,Malaysia,25590,green,pending,1235.48
467,Marieann,Oseland,39,moselandcy@technorati.com,France,06905 CEDEX,red,active,4011.91
468,Goldy,Graber,39,ggrabercz@weather.com,Russia,663083,blue,active,5535.66
469,Allistir,Garmons,68,agarmonsd0@fc2.com,Philippines,8604,blue,active,4975.62
470,Mikkel,Cafferty,75,mcaffertyd1@miitbeian.gov.cn,China,,red,inactive,1558.34
471,Sean,Gofforth,78,sgofforthd2@tamu.edu,Lithuania,71049,green,inactive,8169.29
472,Flossie,Fillingham,83,ffillinghamd3@homestead.com,China,,green,active,7045.41
473,Germain,Hinken,81,ghinkend4@illinois.edu,China,,red,active,5732.48
474,Arnie,Stebbins,63,astebbinsd5@wikispaces.com,France,35164 CEDEX,blue,pending,5146.11
475,Ertha,Hofler,68,ehoflerd6@stanford.edu,Russia,356326,blue,active,5223.66
476,Vidovic,Dirand,72,vdirandd7@webeden.co.uk,South Korea,,blue,active,2538.77
477,Wain,Fotherby,49,wfotherbyd8@constantcontact.com,Cameroon,,blue,inactive,2030.26
478,Aloisia,Hardisty,26,ahardistyd9@addthis.com,Czech Republic,267 03,blue,pending,6505.55
479,Ardene,Middis,50,amiddisda@nymag.com,China,,blue,inactive,4318.43
480,Theodosia,Benkhe,53,tbenkhedb@nasa.gov,Indonesia,,green,active,9558.9
481,Marilin,Cluderay,79,mcluderaydc@google.com.br,China,,blue,inactive,7840.54
482,Gard,Saywood,50,gsaywooddd@people.com.cn,Moldova,MD-7702,blue,active,7592.59
483,Darcey,Ashpital,39,dashpitalde@salon.com,Indonesia,,green,inactive,5015.2
484,Joete,Littefair,25,jlittefairdf@php.net,Indonesia,,green,active,7100.34
485,Marilin,O'Regan,58,moregandg@alibaba.com,China,,red,active,5704.69
486,Ermengarde,Senechault,69,esenechaultdh@spotify.com,Russia,404264,blue,pending,2063.66
487,Elihu,Raymont,31,eraymontdi@nifty.com,China,,green,pending,8107.46
488,Giffy,Kondratenya,72,gkondratenyadj@fc2.com,Czech Republic,789 85,blue,inactive,7137.41
489,Ana,Snow,37,asnowdk@4shared.com,Indonesia,,green,pending,6333.71
490,Olivie,Orwell,84,oorwelldl@themeforest.net,Paraguay,,green,pending,8099.33
491,Broderic,Cobbing,63,bcobbingdm@vinaora.com,Brazil,36800-000,green,pending,6201.3
492,Claudine,Gooder,85,cgooderdn@cdbaby.com,Indonesia,,blue,pending,1418.18
493,Flore,Worg,24,fworgdo@hc360.com,Portugal,5100-873,green,active,8922.64
494,Demetris,O'Cooney,36,docooneydp@php.net,China,,green,active,3090.66
495,Erhard,Drakeford,81,edrakeforddq@dot.gov,Kazakhstan,,blue,active,2567.84
496,Tate,Humburton,68,thumburtondr@usatoday.com,France,45063 CEDEX 2,green,active,7206.98
497,Leontyne,Anstie,19,lanstieds@imgur.com,Oman,,green,inactive,5927.17
498,Kevin,Scrowston,31,kscrowstondt@chronoengine.com,Russia,659555,red,pending,2584.35
499,Lissi,Thornber,70,lthornberdu@house.gov,Indonesia,,blue,pending,3071.1
500,Guendolen,Wray,74,gwraydv@infoseek.co.jp,China,,green,pending,9386.17
501,Blancha,Larraway,43,blarrawaydw@discuz.net,Brazil,69880-000,red,active,2955.16
502,Ame,Cesco,37,acescodx@fema.gov,Brazil,89340-000,green,pending,1745.7
503,Dreddy,Mourton,24,dmourtondy@mlb.com,United States,76178,green,pending,3203.11
504,Bertrand,Izat,44,bizatdz@accuweather.com,Gabon,,blue,inactive,5060.24
505,Pepito,McKennan,44,pmckennane0@wp.com,Egypt,,red,inactive,1351.88
506,Annmaria,Solley,46,asolleye1@github.io,United Kingdom,EC3M,green,active,6518.05
507,Rorie,Withull,84,rwithulle2@clickbank.net,China,,green,pending,1657.6
508,Rafaello,Brewett,44,rbrewette3@cornell.edu,Czech Republic,391 33,red,active,5609.73
509,Rupert,Hay,69,rhaye4@woothemes.com,China,,blue,active,1557.54
510,Sergeant,Januszewski,34,sjanuszewskie5@discuz.net,Netherlands,3709,red,pending,9540.94
511,Lorelei,Moneypenny,18,lmoneypennye6@narod.ru,Indonesia,,red,active,5156.28
512,Roxane,Rove,47,rrovee7@meetup.com,Russia,152616,blue,pending,6150.19
513,Corbin,Scammonden,22,cscammondene8@cbsnews.com,Ecuador,,green,inactive,8823.88
514,Clair,Kingswell,52,ckingswelle9@ovh.net,China,,blue,active,3781.84
515,Bank,Readie,26,breadieea@telegraph.co.uk,Poland,57-250,red,inactive,4975.32
516,Bernadette,Gillan,44,bgillaneb@npr.org,Russia,188360,green,active,99.32
517,Mellisa,Crinion,81,mcrinionec@over-blog.com,Kazakhstan,,red,inactive,1024.02
518,Rosemary,Potebury,47,rpoteburyed@yellowpages.com,Sri Lanka,90160,blue,active,6451.07
519,Gypsy,Gatus,31,ggatusee@fc2.com,Cambodia,,blue,inactive,4554.16
520,Latisha,Pavyer,22,lpavyeref@si.edu,China,,blue,pending,5740.99
521,Moyna,Kennea,34,mkenneaeg@craigslist.org,Portugal,4785-650,green,inactive,1318.2
522,Bent,Fantonetti,43,bfantonettieh@gov.uk,Poland,88-420,blue,pending,2005.62
523,Randy,Northern,57,rnorthernei@admin.ch,Japan,341-0053,blue,inactive,5978.56
524,Chaunce,De Simoni,61,cdesimoniej@amazon.co.jp,Brazil,13920-000,red,pending,9384.1
525,Clemmy,Faherty,79,cfahertyek@ox.ac.uk,Indonesia,,blue,inactive,7075.7
526,Margret,Reilingen,25,mreilingenel@sciencedaily.com,China,,green,active,6833.62
527,Paulo,Hardan,59,phardanem@biglobe.ne.jp,Iran,,green,pending,7231.9
528,Gabriel,Alfonsini,53,galfonsinien@dagondesign.com,Montenegro,,blue,inactive,2449.93
529,Wendy,Cayton,62,wcaytoneo@sbwire.com,China,,green,active,857.03
530,Wain,Pether,23,wpetherep@so-net.ne.jp,Somalia,,red,active,6693.05
531,Deva,Harford,35,dharfordeq@ehow.com,Thailand,50000,red,active,4024.71
532,Earle,Gemmell,77,egemmeller@trellian.com,Philippines,4207,red,active,1976.37
533,Kingston,Edworthye,41,kedworthyees@clickbank.net,Norway,0591,blue,inactive,505.41
534,Terri,Beller,20,tbelleret@ihg.com,Sweden,251 08,green,pending,9760.13
535,Sibby,Defries,75,sdefrieseu@wordpress.com,China,,blue,inactive,2111.23
536,Currie,Ainslee,32,cainsleeev@newsvine.com,Honduras,,blue,inactive,2238.36
537,Mab,Bodesson,45,mbodessonew@cargocollective.com,Uzbekistan,,red,active,2542.54
538,Kalli,Merrison,83,kmerrisonex@dmoz.org,Ukraine,,green,pending,52.24
539,Billie,Streak,47,bstreakey@nature.com,China,,green,pending,4796.36
540,Inger,Whichelow,51,iwhichelowez@google.com,Djibouti,,green,inactive,8917.39
541,Selena,Willgoss,23,swillgossf0@qq.com,Canada,L2P,green,active,4918.18
542,Ewart,Lording,31,elordingf1@patch.com,Kosovo,,blue,active,951.2
543,Tessy,Frazier,47,tfrazierf2@berkeley.edu,Japan,203-0044,blue,pending,52.99
544,Felicia,Ilson,18,filsonf3@toplist.cz,Sierra Leone,,red,active,3406.76
545,Tarrance,Figliovanni,60,tfigliovannif4@businessweek.com,Canada,G9H,blue,inactive,9508.83
546,Eldin,Hawksworth,34,ehawksworthf5@va.gov,Venezuela,,blue,inactive,293.17
547,Salomi,Gummow,52,sgummowf6@yandex.ru,Lebanon,,red,active,153.73
548,Lexine,Toogood,36,ltoogoodf7@imdb.com,Germany,50674,red,pending,4405.76
549,Juliet,Curgenuer,44,jcurgenuerf8@t.co,Russia,601672,blue,active,8250.17
550,Corene,Poker,75,cpokerf9@pbs.org,Egypt,,blue,inactive,7454.3
551,Eldon,MacPaik,73,emacpaikfa@usa.gov,Portugal,2950-107,green,active,685.3
552,Stesha,Duetsche,69,sduetschefb@biblegateway.com,Poland,96-206,green,pending,4452.64
553,Tobias,Dukelow,70,tdukelowfc@last.fm,Brazil,13840-000,green,inactive,8750.66
554,Waneta,Portis,21,wportisfd@fc2.com,China,,red,pending,6743.17
555,Derward,Reggio,68,dreggiofe@techcrunch.com,Costa Rica,11803,green,inactive,6782.28
556,Clayborne,Gurnell,32,cgurnellff@i2i.jp,Indonesia,,blue,active,2372.81
557,Tish,Bainbrigge,78,tbainbriggefg@weather.com,Greece,,green,inactive,2978.6
558,Alden,Reina,29,areinafh@wikimedia.org,Croatia,44210,blue,active,1582.3
559,Kariotta,Giannotti,57,kgiannottifi@java.com,Tunisia,,red,active,9173.75
560,Matti,Ackhurst,46,mackhurstfj@yellowpages.com,Indonesia,,red,active,7109.45
561,Aldis,Purdom,30,apurdomfk@ifeng.com,Brazil,79370-000,green,active,2799.57
562,Theresa,Keyzman,21,tkeyzmanfl@time.com,Russia,216546,blue,inactive,4884.78
563,Gabbie,Noble,61,gnoblefm@clickbank.net,Armenia,,red,inactive,678.41
564,Skipper,Belson,82,sbelsonfn@sphinn.com,Tunisia,,blue,inactive,9480.57
565,Ryley,Castelow,66,rcastelowfo@free.fr,Pakistan,47811,red,pending,3470.96
566,Audry,Leipnik,79,aleipnikfp@ehow.com,Argentina,4634,red,pending,5835.17
567,Martainn,Biscomb,41,mbiscombfq@japanpost.jp,Philippines,4806,green,pending,8277.54
568,Jen,Pine,68,jpinefr@merriam-webster.com,Indonesia,,green,inactive,1296.89
569,Garrott,Meininger,53,gmeiningerfs@amazonaws.com,Thailand,36110,green,inactive,7499.96
570,Nara,Skedge,48,nskedgeft@cargocollective.com,China,,blue,inactive,8138.06
571,Moritz,Lyte,29,mlytefu@whitehouse.gov,Mongolia,,green,active,4740.33
572,Eveline,Weatherhead,33,eweatherheadfv@liveinternet.ru,Venezuela,,blue,inactive,2821.61
573,Daffy,Stockings,63,dstockingsfw@tripadvisor.com,Ukraine,,red,pending,2076.51
574,Fred,Gapper,65,fgapperfx@omniture.com,Gambia,,green,pending,9859.68
575,Zola,Pisculli,53,zpiscullify@slashdot.org,Japan,607-8204,red,pending,6586.5
576,Cleo,Burgher,73,cburgherfz@phoca.cz,Thailand,65000,green,inactive,2328.52
577,Angelique,Pickover,57,apickoverg0@photobucket.com,Netherlands,3449,green,inactive,1681.42
578,Elsa,Hallybone,53,ehallyboneg1@oaic.gov.au,China,,blue,active,1049.86
579,Klaus,Fransman,62,kfransmang2@constantcontact.com,Indonesia,,green,active,712.24
580,Jerrie,O'Concannon,79,joconcannong3@photobucket.com,China,,red,pending,107.57
581,Gui,Anstice,34,gansticeg4@eepurl.com,Indonesia,,red,pending,1768.68
582,Rodi,Paye,18,rpayeg5@goo.ne.jp,Ukraine,,red,pending,8519.29
583,Maiga,Hatter,27,mhatterg6@twitter.com,Vietnam,,red,inactive,8576.33
584,Kele,Gouldstraw,45,kgouldstrawg7@vkontakte.ru,Indonesia,,red,inactive,578.57
585,Ashton,Magauran,49,amagaurang8@storify.com,Russia,198264,red,active,2638.85
586,Mina,Pleass,68,mpleassg9@themeforest.net,Iraq,,green,active,3714.38
587,Artair,Cochrane,55,acochranega@state.gov,Belarus,,blue,inactive,4645.39
588,Ali,Goneau,43,agoneaugb@geocities.jp,Macedonia,2310,blue,inactive,6868.9
589,Jammie,Jayume,51,jjayumegc@usnews.com,Malaysia,90705,green,active,8185.84
590,Lacie,Le Page,38,llepagegd@amazon.co.uk,Tajikistan,,green,pending,4955.99
591,Filippa,Benettini,34,fbenettinige@nih.gov,Japan,779-5166,red,active,7696.37
592,Meridith,Saxon,30,msaxongf@europa.eu,South Korea,,red,inactive,9282.97
593,Henrik,Girault,19,hgiraultgg@dyndns.org,Palestinian Territory,,red,active,3053.49
594,Darcie,Kendall,81,dkendallgh@google.pl,Ukraine,,green,pending,9340.67
595,Federico,Franschini,74,ffranschinigi@theatlantic.com,Nigeria,,green,pending,2063.99
596,Sauveur,Bonsul,65,sbonsulgj@mit.edu,Philippines,8301,blue,active,2302.47
597,Annalise,Neaverson,75,aneaversongk@wordpress.com,Myanmar,,green,active,305.47
598,Dorene,Woodrup,50,dwoodrupgl@jiathis.com,France,71309 CEDEX,red,inactive,9575.71
599,Shelton,Brant,38,sbrantgm@dailymail.co.uk,China,,blue,pending,7969.6
600,Janeva,Callaway,38,jcallawaygn@meetup.com,Russia,636700,green,active,7551.44
601,Cthrine,Evamy,41,cevamygo@forbes.com,China,,blue,active,7658.26
602,Gil,Rispin,73,grispingp@posterous.com,Canada,J1T,red,inactive,7100.76
603,Logan,Lehrian,74,llehriangq@epa.gov,Argentina,3560,blue,inactive,7226.39
604,Yanaton,Crat,31,ycratgr@xrea.com,China,,green,inactive,9803.18
605,Claiborne,Lenden,27,clendengs@slideshare.net,Czech Republic,394 03,red,inactive,7546.25
606,Aldridge,Woollam,59,awoollamgt@msu.edu,Serbia,,green,inactive,8346.17
607,Siana,Davidsson,20,sdavidssongu@bravesites.com,Aland Islands,22270,green,inactive,5231.66
608,Louella,Ledbury,38,lledburygv@nymag.com,Peru,,blue,active,976.27
609,Katya,Selvey,20,kselveygw@jigsy.com,Palestinian Territory,,red,pending,9658.67
610,Ted,Sarre,80,tsarregx@altervista.org,Russia,301070,blue,pending,2634.84
611,Ase,Furley,56,afurleygy@is.gd,Mauritius,,green,inactive,4115.33
612,Bevan,Waldock,66,bwaldockgz@bbb.org,Albania,,red,active,5979.72
613,Carr,McCotter,82,cmccotterh0@wsj.com,United States,33661,blue,active,1028.09
614,Barnebas,Crutchley,65,bcrutchleyh1@webs.com,Norway,3260,blue,inactive,2762.56
615,Sisile,Saltern,54,ssalternh2@craigslist.org,Kenya,,red,inactive,2787.66
616,Lurleen,Gligori,22,lgligorih3@hatena.ne.jp,Pakistan,24421,red,active,9837.21
617,Florina,Vallow,78,fvallowh4@census.gov,Philippines,5700,blue,active,7576.61
618,Nicolis,Kimmings,69,nkimmingsh5@bandcamp.com,El Salvador,,green,inactive,328.09
619,Terri,Emerine,34,temerineh6@miibeian.gov.cn,Belarus,,blue,inactive,6778.12
620,Burnard,Loverock,84,bloverockh7@google.com.br,Portugal,4705-029,red,pending,5091.05
621,Cynthea,Flint,58,cflinth8@barnesandnoble.com,Madagascar,,red,active,5733.66
622,Marney,O' Brian,51,mobrianh9@webeden.co.uk,Russia,412334,green,pending,1212.48
623,Averil,Jerke,50,ajerkeha@ycombinator.com,United States,34629,red,active,4847.79
624,Zaneta,Blagbrough,30,zblagbroughhb@mit.edu,Ukraine,,red,active,456.14
625,Lynnett,Orris,65,lorrishc@ibm.com,Indonesia,,green,inactive,3599.22
626,Silvano,Sollam,67,ssollamhd@answers.com,Russia,140577,green,pending,6895.49
627,Giorgio,Grafton-Herbert,74,ggraftonherberthe@ucla.edu,China,,red,active,2070.05
628,Gorden,Gunningham,41,ggunninghamhf@mapy.cz,China,,red,inactive,8197.41
629,Galen,Kuschke,63,gkuschkehg@bluehost.com,China,,blue,inactive,362.04
630,Abeu,Woodeson,80,awoodesonhh@gizmodo.com,China,,red,active,1266.96
631,Theodor,Allnatt,30,tallnatthi@ucoz.com,China,,blue,pending,2294.74
632,Jane,Blackston,23,jblackstonhj@hugedomains.com,Indonesia,,green,inactive,3839.72
633,Josselyn,Degue,47,jdeguehk@businessinsider.com,Iran,,green,pending,94.85
634,Karlen,Funnell,57,kfunnellhl@tamu.edu,Portugal,2435-454,green,inactive,9150.7
635,Meyer,Godin,42,mgodinhm@google.com.au,Portugal,4705-653,red,active,9738.26
636,Blinni,Coffey,83,bcoffeyhn@oracle.com,Somalia,,green,active,2554.83
637,Eydie,Chateau,25,echateauho@noaa.gov,Brazil,58823-000,blue,pending,9616.61
638,Laina,Grisard,72,lgrisardhp@paginegialle.it,Sweden,441 92,red,pending,4543.28
639,Nap,Glanester,76,nglanesterhq@friendfeed.com,China,,green,active,7135.25
640,Ulrike,Duns,60,udunshr@eepurl.com,Albania,,blue,pending,492.16
641,Nollie,Bradbeer,51,nbradbeerhs@ning.com,Indonesia,,red,inactive,4729.33
642,Christoforo,Vanyushkin,28,cvanyushkinht@disqus.com,China,,blue,pending,9943.19
643,Kellina,Yegorchenkov,70,kyegorchenkovhu@plala.or.jp,Japan,988-0505,blue,inactive,3902.31
644,Karil,Shave,19,kshavehv@slideshare.net,Ireland,D04,blue,active,7616.48
645,Kristina,Wozencraft,20,kwozencrafthw@artisteer.com,Indonesia,,red,active,9214.55
646,Allayne,Partington,68,apartingtonhx@mashable.com,Albania,,blue,active,8619.3
647,Rollie,Mansbridge,65,rmansbridgehy@imageshack.us,Saudi Arabia,,green,active,5751.42
648,Bertine,Gotts,35,bgottshz@patch.com,Yemen,,green,pending,3018.37
649,Constantia,Youson,41,cyousoni0@1688.com,China,,blue,inactive,8230.65
650,Fax,Lavers,82,flaversi1@purevolume.com,Portugal,3505-130,blue,active,4334.56
651,Brittany,Roughan,62,broughani2@posterous.com,United States,66611,blue,active,652.2
652,Merrill,Romain,65,mromaini3@ox.ac.uk,United Kingdom,S8,blue,pending,3249.8
653,Maddy,Gartsyde,72,mgartsydei4@tinyurl.com,China,,blue,pending,6236.9
654,Giuditta,Nannoni,39,gnannonii5@ebay.com,Portugal,4830-184,green,inactive,2941.84
655,Sam,Donaway,20,sdonawayi6@delicious.com,Indonesia,,blue,active,2044.11
656,Nicolle,Darrell,31,ndarrelli7@independent.co.uk,Indonesia,,blue,inactive,8816.59
657,Agnola,MacCostye,79,amaccostyei8@nydailynews.com,Uganda,,blue,inactive,4858.85
658,Minette,Summerskill,53,msummerskilli9@theatlantic.com,Nicaragua,,blue,active,3559.33
659,Viola,Akess,18,vakessia@cocolog-nifty.com,Brazil,13000-000,red,active,5161.91
660,Gardner,Wilsee,23,gwilseeib@adobe.com,China,,red,pending,5844.58
661,Irena,Borborough,32,iborboroughic@dmoz.org,Sweden,700 09,green,inactive,3099.28
662,Brit,Elsey,60,belseyid@baidu.com,Thailand,13130,green,pending,7767.23
663,Chelsea,Gordge,23,cgordgeie@nature.com,Finland,20960,blue,inactive,9202.55
664,Lorine,Dreghorn,41,ldreghornif@wsj.com,Brazil,35170-000,blue,pending,8757.59
665,Rollie,Ellesworth,36,rellesworthig@ifeng.com,Indonesia,,red,pending,2802.39
666,Rudiger,Catley,65,rcatleyih@about.com,Madagascar,,blue,active,2675.63
667,Hastie,Huffy,33,hhuffyii@addtoany.com,Brazil,18260-000,green,active,9297.29
668,Sybille,Itzkovici,58,sitzkoviciij@mlb.com,China,,red,pending,2532.63
669,Bernelle,Leavesley,48,bleavesleyik@zdnet.com,China,,green,active,3570.87
670,Alphonse,Daugherty,79,adaughertyil@cbc.ca,Afghanistan,,blue,active,8050.3
671,Eloisa,Sey,29,eseyim@wiley.com,China,,red,pending,7285.67
672,Andrey,Szreter,41,aszreterin@elpais.com,China,,green,pending,5706.84
673,Zarla,Showers,69,zshowersio@privacy.gov.au,Afghanistan,,red,pending,2609.97
674,Raoul,Castelli,71,rcastelliip@youtube.com,France,92622 CEDEX,red,active,3445.1
675,Earlie,Konzelmann,80,ekonzelmanniq@360.cn,Indonesia,,green,active,5722.11
676,Fax,Halm,65,fhalmir@facebook.com,South Africa,4950,red,active,5698.17
677,Roderigo,Nezey,79,rnezeyis@miibeian.gov.cn,China,,green,active,7956.63
678,Hebert,Ruecastle,31,hruecastleit@phpbb.com,Indonesia,,red,inactive,5177.21
679,Sarena,Muck,25,smuckiu@about.com,China,,green,inactive,1729.71
680,Rad,Sember,77,rsemberiv@japanpost.jp,Colombia,252837,red,active,9830.25
681,Doroteya,Arias,41,dariasiw@ning.com,Indonesia,,blue,pending,3107.86
682,Martita,Duesbury,23,mduesburyix@youtube.com,Sweden,971 05,green,pending,2473.88
683,Danell,Livingston,51,dlivingstoniy@adobe.com,Bulgaria,6200,green,active,4032.64
684,Avis,Longfoot,63,alongfootiz@wunderground.com,China,,red,inactive,6685.67
685,Kristian,Pieters,83,kpietersj0@artisteer.com,Russia,658760,red,active,7962.53
686,Ara,Gate,67,agatej1@uol.com.br,Poland,17-102,green,active,9269.0
687,Orly,Braidman,23,obraidmanj2@dailymail.co.uk,China,,green,inactive,2558.92
688,Melinda,Habbergham,66,mhabberghamj3@bizjournals.com,Sierra Leone,,green,inactive,7760.91
689,Stillman,Renfree,66,srenfreej4@harvard.edu,China,,green,active,5993.66
690,Cecilla,Seiller,58,cseillerj5@hexun.com,Russia,450049,red,pending,653.84
691,Nettie,Skull,83,nskullj6@accuweather.com,China,,red,active,8781.07
692,Jacquette,Hands,84,jhandsj7@wiley.com,Greece,,green,active,2745.81
693,Filide,Gravy,51,fgravyj8@devhub.com,Benin,,red,inactive,287.45
694,Zared,Guyan,65,zguyanj9@sfgate.com,Russia,453259,red,inactive,8836.65
695,Jacquette,Goodyer,32,jgoodyerja@telegraph.co.uk,Greece,,blue,pending,6043.96
696,Bettine,Beeby,35,bbeebyjb@yahoo.com,France,78105 CEDEX,blue,active,5117.71
697,Dalenna,Tuther,57,dtutherjc@oaic.gov.au,Georgia,,green,active,1605.7
698,Hurley,Tuffell,79,htuffelljd@elpais.com,Sweden,852 36,green,inactive,4413.47
699,Roanna,Bodman,74,rbodmanje@g.co,Russia,456843,green,pending,9550.33
700,Shawn,Batiste,20,sbatistejf@ted.com,Brazil,78000-000,red,pending,7643.37
701,Honoria,Thow,43,hthowjg@upenn.edu,Brazil,57260-000,red,inactive,6704.08
702,Inesita,Halburton,75,ihalburtonjh@digg.com,Armenia,,green,inactive,9181.78
703,Roland,Forman,65,rformanji@unblog.fr,China,,blue,inactive,1731.5
704,Saunder,Rosenshine,18,srosenshinejj@tumblr.com,Indonesia,,red,inactive,554.38
705,Ardeen,Gething,32,agethingjk@so-net.ne.jp,China,,green,inactive,975.21
706,Wallache,Matiewe,72,wmatiewejl@printfriendly.com,Sweden,801 06,green,inactive,1020.54
707,Sebastiano,Zorer,52,szorerjm@walmart.com,China,,blue,inactive,5990.41
708,Agnes,Whelan,20,awhelanjn@cmu.edu,France,54009 CEDEX,red,active,7256.06
709,Gabi,Warrell,82,gwarrelljo@house.gov,Indonesia,,red,inactive,869.43
710,Leroi,Humphris,59,lhumphrisjp@de.vu,Indonesia,,green,active,7870.65
711,Adelind,Forrest,18,aforrestjq@google.co.uk,Sri Lanka,10600,green,inactive,9459.15
712,Pippa,Aitchison,82,paitchisonjr@yale.edu,China,,red,inactive,3081.86
713,Lura,Dobney,20,ldobneyjs@shutterfly.com,Guinea,,green,inactive,135.95
714,Annabella,Farndon,35,afarndonjt@ehow.com,Iran,,blue,inactive,7755.3
715,Kelli,Thorald,77,kthoraldju@amazonaws.com,China,,blue,inactive,9947.93
716,Brena,Lithcow,74,blithcowjv@google.nl,United States,32575,blue,active,2064.59
717,Markus,Bareham,38,mbarehamjw@google.co.jp,China,,red,pending,6886.57
718,Almeta,Craze,80,acrazejx@disqus.com,Russia,613603,blue,active,2875.36
719,Donnajean,Tollerton,59,dtollertonjy@un.org,China,,red,active,8105.17
720,Albertine,Tootell,61,atootelljz@dell.com,Ecuador,,red,pending,5521.64
721,Amitie,Ruckert,23,aruckertk0@last.fm,China,,blue,pending,5542.35
722,Sammie,Orrum,82,sorrumk1@pbs.org,Japan,503-0625,blue,pending,6454.71
723,Pepito,Bunyan,72,pbunyank2@narod.ru,China,,red,inactive,6151.55
724,Jemie,Vicioso,35,jviciosok3@pen.io,China,,green,active,6818.19
725,Jen,Maffia,19,jmaffiak4@bloglines.com,Kazakhstan,,green,pending,6672.24
726,Katalin,Coultar,54,kcoultark5@imgur.com,Greece,,red,pending,4253.9
727,Robinia,Tunnicliffe,54,rtunnicliffek6@cbslocal.com,United States,84115,red,active,4081.4
728,Ozzie,Yu,38,oyuk7@mozilla.com,Brazil,49220-000,blue,pending,7183.66
729,Durward,Leathley,85,dleathleyk8@indiegogo.com,China,,green,pending,7706.78
730,Ardelis,Davion,53,adavionk9@techcrunch.com,Indonesia,,red,active,6580.9
731,Cordy,Vineall,56,cvineallka@buzzfeed.com,Indonesia,,red,active,1436.73
732,Craggy,Hollingdale,51,chollingdalekb@ted.com,Honduras,,green,pending,7164.17
733,Leland,Burnhams,58,lburnhamskc@ucoz.com,Indonesia,,green,active,1901.96
734,Audy,Thornthwaite,48,athornthwaitekd@alexa.com,Albania,,green,active,1913.94
735,Lira,Dumphreys,49,ldumphreyske@opera.com,Portugal,2510-325,green,active,1915.91
736,Allyce,Copper,41,acopperkf@barnesandnoble.com,United States,34642,green,inactive,8281.14
737,Aime,Shapcott,53,ashapcottkg@livejournal.com,Uganda,,red,inactive,4020.02
738,Bryant,Kuhnke,77,bkuhnkekh@ucla.edu,China,,red,active,696.22
739,Raimundo,Glaysher,67,rglaysherki@t.co,New Caledonia,98813,blue,active,5424.12
740,Delilah,Rutgers,82,drutgerskj@comsenz.com,Libya,,blue,pending,9083.17
741,Theadora,Hammerich,80,thammerichkk@bandcamp.com,Nicaragua,,blue,active,585.32
742,Griffin,Vaughten,69,gvaughtenkl@trellian.com,Malta,KCM,green,active,6632.6
743,Jarrett,Growcock,18,jgrowcockkm@microsoft.com,China,,green,active,13.3
744,Danie,Worwood,68,dworwoodkn@cocolog-nifty.com,China,,red,inactive,8824.42
745,Carri,Morrieson,54,cmorriesonko@blogtalkradio.com,Sweden,434 33,blue,active,6850.45
746,Marje,Torvey,40,mtorveykp@devhub.com,Tanzania,,green,active,8955.47
747,Edgardo,Duddin,67,eduddinkq@engadget.com,Japan,504-0968,blue,active,2544.88
748,Frasier,McQuorkel,58,fmcquorkelkr@apple.com,China,,red,inactive,6053.84
749,Analiese,Ramelot,26,aramelotks@topsy.com,Indonesia,,green,active,8213.45
750,Olivier,McGreary,50,omcgrearykt@tinyurl.com,China,,red,active,9263.97
751,Stacy,Birts,38,sbirtsku@blogspot.com,Finland,44950,green,inactive,135.56
752,Bird,Ties,48,btieskv@oracle.com,China,,red,active,8911.72
753,Titos,De Wolfe,51,tdewolfekw@hibu.com,China,,green,pending,2900.28
754,Kati,Cessford,79,kcessfordkx@de.vu,China,,red,active,9083.31
755,Rawley,Kirkman,30,rkirkmanky@macromedia.com,China,,red,pending,2377.27
756,Karrie,Brotherheed,84,kbrotherheedkz@bloglines.com,Portugal,4785-512,blue,active,9393.51
757,Kass,Bowness,65,kbownessl0@slideshare.net,France,71109 CEDEX,red,active,1241.91
758,Miller,Trewman,39,mtrewmanl1@yellowbook.com,China,,blue,pending,5081.19
759,Greg,Lutty,71,gluttyl2@altervista.org,Gambia,,green,active,7095.38
760,Hamnet,Giblin,73,hgiblinl3@adobe.com,Peru,,red,active,7423.87
761,Wileen,MacLese,72,wmaclesel4@addthis.com,Central African Republic,,blue,inactive,5213.35
762,Bert,Frane,51,bfranel5@printfriendly.com,Belarus,,green,inactive,7512.84
763,Susy,Cains,41,scainsl6@4shared.com,Ukraine,,blue,active,5907.86
764,Tova,Sango,62,tsangol7@prweb.com,China,,green,inactive,9348.85
765,Emmett,Fittis,27,efittisl8@pcworld.com,Philippines,4602,red,active,5461.87
766,Sabra,Emsden,45,semsdenl9@so-net.ne.jp,Sweden,651 80,red,active,4893.3
767,Bernete,Marusik,58,bmarusikla@com.com,Philippines,2424,green,pending,2992.84
768,Caressa,Witcombe,29,cwitcombelb@cornell.edu,Indonesia,,red,inactive,1738.69
769,Winnie,Scargill,60,wscargilllc@msn.com,Indonesia,,green,active,1387.37
770,Pier,Schwant,84,pschwantld@ow.ly,Malta,ZTN,green,pending,8078.22
771,Tallia,Tomkin,34,ttomkinle@narod.ru,Somalia,,red,inactive,7327.25
772,Annamarie,Thonason,70,athonasonlf@edublogs.org,Honduras,,blue,inactive,3417.93
773,Kimberli,Shailer,56,kshailerlg@bluehost.com,Tanzania,,green,inactive,4474.25
774,Isahella,Yurlov,52,iyurlovlh@delicious.com,China,,green,pending,6640.86
775,Shellysheldon,Sculley,51,ssculleyli@businesswire.com,Ukraine,,blue,inactive,1901.3
776,Towney,David,72,tdavidlj@admin.ch,Nigeria,,red,active,3540.3
777,Zola,Hattrick,58,zhattricklk@bing.com,Mexico,73795,green,inactive,8442.89
778,Ethelind,Yarmouth,50,eyarmouthll@over-blog.com,China,,blue,pending,6942.12
779,Darryl,Hawksley,73,dhawksleylm@wordpress.com,Kazakhstan,,blue,pending,6086.53
780,Benedikt,Rizon,46,brizonln@newsvine.com,South Korea,,green,active,8772.55
781,Sven,Faussett,56,sfaussettlo@vkontakte.ru,China,,blue,pending,3268.97
782,Reese,Skewes,74,rskeweslp@who.int,Poland,57-343,blue,inactive,3496.08
783,Annetta,Gogie,55,agogielq@telegraph.co.uk,Portugal,2675-080,blue,inactive,550.87
784,Lauryn,Pietz,64,lpietzlr@walmart.com,France,36029 CEDEX,red,inactive,1087.18
785,Kain,Palleske,65,kpalleskels@tinypic.com,Uruguay,,green,inactive,8351.13
786,Si,Rigard,45,srigardlt@youtu.be,China,,blue,pending,9285.34
787,Revkah,Faithfull,38,rfaithfulllu@zimbio.com,China,,green,active,3652.6
788,Wanids,Rabb,51,wrabblv@howstuffworks.com,China,,red,inactive,7687.27
789,Roshelle,Aubray,81,raubraylw@simplemachines.org,Bulgaria,4645,green,active,1465.41
790,Andi,De Blasiis,26,adeblasiislx@hao123.com,Croatia,21222,red,inactive,8985.04
791,Koenraad,Bernet,18,kbernetly@ebay.co.uk,China,,green,pending,2162.73
792,Katleen,Iacomini,83,kiacominilz@auda.org.au,China,,blue,active,9917.6
793,Vincenty,Wysome,42,vwysomem0@dailymotion.com,Indonesia,,green,inactive,4111.8
794,Bernardo,Colliar,42,bcolliarm1@typepad.com,Indonesia,,blue,pending,4971.48
795,Morey,Gladhill,64,mgladhillm2@yale.edu,Bosnia and Herzegovina,,green,pending,6750.81
796,Ferdinand,Staniford,28,fstanifordm3@google.fr,China,,blue,inactive,3811.25
797,Kaleb,Fairlam,50,kfairlamm4@smh.com.au,China,,blue,active,7184.95
798,Seumas,Roddie,62,sroddiem5@ifeng.com,China,,red,pending,8471.16
799,Abdel,Pomroy,34,apomroym6@trellian.com,China,,blue,pending,899.36
800,Brittni,Marklin,63,bmarklinm7@upenn.edu,Ghana,,blue,pending,8297.64
801,Palm,Nestor,35,pnestorm8@mashable.com,Bahamas,,red,pending,1840.82
802,Luisa,Soldner,31,lsoldnerm9@aboutads.info,China,,green,pending,3411.6
803,Imogene,Karran,52,ikarranma@ihg.com,Cuba,,green,inactive,9659.38
804,Waly,Ricioppo,29,wricioppomb@scientificamerican.com,Indonesia,,blue,inactive,9218.63
805,Angelico,Dybell,74,adybellmc@bing.com,Saint Vincent and the Grenadines,,green,inactive,927.62
806,Francine,Bizley,56,fbizleymd@opera.com,Cape Verde,,red,inactive,4188.25
807,Chrisse,Manklow,76,cmanklowme@howstuffworks.com,Canada,V3B,green,active,2906.37
808,Ilise,Dewerson,47,idewersonmf@wikispaces.com,Ukraine,,green,inactive,1612.58
809,Cosette,Ox,28,coxmg@list-manage.com,Brazil,89140-000,blue,active,1274.47
810,Micky,De Anesy,43,mdeanesymh@dailymail.co.uk,China,,green,pending,5303.38
811,Cale,Schulke,30,cschulkemi@jigsy.com,Portugal,4570-198,red,active,5540.98
812,Osbourn,Chafney,34,ochafneymj@umich.edu,Brazil,99700-000,blue,pending,5329.78
813,Ulrike,Stare,30,ustaremk@princeton.edu,Guatemala,04005,red,pending,6165.06
814,Rayner,Alman,48,ralmanml@cmu.edu,China,,blue,pending,7979.59
815,Addy,Fenney,35,afenneymm@google.co.uk,Nigeria,,red,active,7728.72
816,Krysta,Forgan,52,kforganmn@dion.ne.jp,Greece,,blue,pending,3319.6
817,Jerrome,Taffurelli,24,jtaffurellimo@fda.gov,Russia,301288,green,inactive,8708.51
818,Merwyn,Copas,75,mcopasmp@sitemeter.com,Colombia,151427,red,inactive,5905.03
819,Lew,Matejka,32,lmatejkamq@ihg.com,China,,green,pending,1413.61
820,Bartholomeus,Alfuso,40,balfusomr@stanford.edu,China,,blue,pending,7341.51
821,Beverlie,Leah,52,bleahms@princeton.edu,Portugal,3700-674,blue,active,9795.98
822,Maximilien,Ower,46,mowermt@wiley.com,Brazil,12280-000,green,inactive,2275.47
823,Dorisa,Josey,44,djoseymu@pen.io,Indonesia,,red,inactive,6295.68
824,Josefa,McCaskill,75,jmccaskillmv@foxnews.com,Sweden,589 00,blue,inactive,6917.47
825,Felic,Sibille,36,fsibillemw@shareasale.com,Indonesia,,green,active,358.72
826,Marcy,Pettko,53,mpettkomx@prweb.com,Indonesia,,blue,inactive,8725.83
827,Lyndy,Freire,67,lfreiremy@home.pl,Mexico,92773,blue,pending,3779.23
828,Victoria,Hinkins,70,vhinkinsmz@nature.com,China,,red,pending,2574.02
829,Tudor,Priddie,49,tpriddien0@blogs.com,Philippines,5203,green,inactive,3130.23
830,Patricio,Rough,74,proughn1@hao123.com,Cuba,,green,active,4720.24
831,Ardelia,Stafford,43,astaffordn2@adobe.com,China,,blue,inactive,8389.1
832,Sancho,McGeachie,23,smcgeachien3@loc.gov,Bosnia and Herzegovina,,red,active,6369.95
833,Lilly,Abrahams,44,labrahamsn4@opensource.org,United States,71115,blue,inactive,2642.87
834,Kellby,Grocutt,41,kgrocuttn5@mapquest.com,China,,red,inactive,8826.69
835,Blane,Wauchope,83,bwauchopen6@engadget.com,Syria,,red,pending,6660.38
836,Alfie,Peye,56,apeyen7@tripadvisor.com,Portugal,9950-125,blue,active,1482.45
837,Glenn,L'Archer,21,glarchern8@hostgator.com,Portugal,4640-107,blue,active,9117.76
838,Allegra,Tole,82,atolen9@amazonaws.com,Russia,673550,red,pending,221.13
839,Arney,Ors,53,aorsna@netvibes.com,Poland,26-680,red,active,8022.57
840,Sybille,Langan,57,slangannb@usa.gov,Azerbaijan,,red,active,3784.24
841,Bob,O'Gorman,75,bogormannc@odnoklassniki.ru,Russia,391360,green,pending,8936.55
842,Addie,Jermy,77,ajermynd@ucoz.com,China,,red,pending,61.93
843,Dosi,Chelnam,74,dchelnamne@domainmarket.com,South Africa,1771,green,active,4364.03
844,Eb,Accombe,46,eaccombenf@ebay.com,China,,green,active,1473.75
845,Millard,Gurdon,67,mgurdonng@infoseek.co.jp,Vietnam,,blue,pending,4509.2
846,Brent,Hickinbottom,44,bhickinbottomnh@dyndns.org,Indonesia,,red,inactive,6833.03
847,Alvin,Windeatt,70,awindeattni@bizjournals.com,Czech Republic,398 06,green,pending,3118.35
848,Carolyne,Bavister,31,cbavisternj@elpais.com,Indonesia,,red,active,1858.08
849,Adria,Blainey,81,ablaineynk@technorati.com,Nigeria,,red,pending,7882.09
850,Gabriel,Dominec,79,gdominecnl@deliciousdays.com,Kenya,,blue,pending,6071.62
851,Richie,Smithson,18,rsmithsonnm@wikipedia.org,Israel,,red,inactive,1488.12
852,Caron,Filipczak,35,cfilipczaknn@51.la,El Salvador,,blue,pending,6293.38
853,Asia,Surcomb,81,asurcombno@yolasite.com,Japan,999-5203,green,pending,1876.6
854,Beverlee,Willison,52,bwillisonnp@wikimedia.org,Luxembourg,L-6695,green,active,3775.93
855,Port,Fuller,24,pfullernq@netscape.com,Saudi Arabia,,red,active,3878.6
856,Maggi,O'Carran,80,mocarrannr@usda.gov,Netherlands,4874,blue,inactive,1945.25
857,Nike,Sterricks,72,nsterricksns@goodreads.com,China,,blue,active,6740.58
858,Patsy,des Remedios,45,pdesremediosnt@biglobe.ne.jp,Ukraine,,green,active,1882.57
859,Heinrick,Carcas,83,hcarcasnu@dot.gov,China,,green,inactive,4574.38
860,Germaine,Harding,43,ghardingnv@hc360.com,China,,red,pending,6883.46
861,Jayson,Beurich,76,jbeurichnw@answers.com,Brazil,45710-000,green,pending,3276.59
862,Jania,Penbarthy,33,jpenbarthynx@eepurl.com,China,,blue,inactive,3288.57
863,Trace,Glasscoo,45,tglasscoony@cbc.ca,Indonesia,,red,pending,5985.33
864,Spenser,Scarth,58,sscarthnz@disqus.com,Mexico,89359,blue,pending,9358.37
865,Hoyt,Caville,74,hcavilleo0@springer.com,United States,89160,red,pending,7532.59
866,Bonni,Yesipov,26,byesipovo1@economist.com,China,,red,inactive,2990.79
867,Deeann,Mackriell,39,dmackriello2@abc.net.au,Portugal,2565-209,green,inactive,4583.74
868,Wilow,Dumsday,78,wdumsdayo3@linkedin.com,Philippines,7000,blue,pending,9659.48
869,Jorie,Orring,55,jorringo4@epa.gov,Philippines,6215,blue,active,2949.64
870,Trenna,Legh,66,tlegho5@pen.io,Indonesia,,green,pending,7325.63
871,Peder,Naish,50,pnaisho6@oracle.com,China,,red,active,1897.84
872,Ethelind,Wimp,70,ewimpo7@1und1.de,Colombia,523528,green,pending,545.92
873,Adolpho,Valentin,21,avalentino8@slashdot.org,China,,green,active,1091.0
874,Boony,Ossulton,85,bossultono9@blogs.com,Brazil,55580-000,red,inactive,5125.7
875,Arnoldo,Kinchlea,51,akinchleaoa@t-online.de,Sweden,432 93,blue,pending,3939.37
876,Darelle,Peatheyjohns,46,dpeatheyjohnsob@skyrock.com,Brazil,35420-000,red,pending,7153.46
877,Kirstin,Ivanov,36,kivanovoc@netlog.com,United States,68117,green,inactive,1265.08
878,Kym,Knoles,30,kknolesod@com.com,Portugal,2750-099,green,pending,771.07
879,Brooks,Gethouse,75,bgethouseoe@businessweek.com,China,,green,pending,2021.26
880,Matthew,Jarrad,29,mjarradof@samsung.com,Portugal,2000-014,red,pending,3964.73
881,Rosemaria,Yoell,23,ryoellog@uol.com.br,Indonesia,,blue,active,1367.31
882,Berrie,Magne,43,bmagneoh@twitter.com,Latvia,,green,pending,9299.87
883,Darill,Marcham,66,dmarchamoi@wp.com,Denmark,1656,blue,active,8554.95
884,Reagan,Rustadge,49,rrustadgeoj@newsvine.com,Russia,456510,red,inactive,6978.61
885,Leland,Hartin,47,lhartinok@people.com.cn,Kenya,,green,active,1596.12
886,Estell,Golightly,66,egolightlyol@dion.ne.jp,Japan,569-0036,blue,inactive,9474.17
887,David,Dani,40,ddaniom@nsw.gov.au,Libya,,red,active,8092.79
888,Lewie,Lindro,53,llindroon@tinypic.com,Indonesia,,red,inactive,9377.45
889,Gerianne,Gusney,31,ggusneyoo@yandex.ru,Thailand,13250,red,inactive,6053.97
890,Madlin,Garrad,66,mgarradop@ibm.com,Argentina,5500,blue,inactive,6073.77
891,Mathe,McCombe,41,mmccombeoq@flickr.com,Tanzania,,green,pending,9262.29
892,Drusie,Demare,72,ddemareor@instagram.com,Australia,1424,blue,pending,537.17
893,Raul,Hoogendorp,62,rhoogendorpos@google.ru,China,,green,inactive,8449.55
894,Trudey,Shimmings,38,tshimmingsot@eepurl.com,China,,green,inactive,7820.89
895,Margo,Wellen,48,mwellenou@dailymotion.com,China,,red,inactive,2571.5
896,Findley,Prose,54,fproseov@t.co,Philippines,6326,blue,inactive,3254.94
897,Elisa,Stobart,80,estobartow@blinklist.com,Brazil,13660-000,green,active,9995.76
898,Annice,Frostick,40,afrostickox@furl.net,Norway,0216,green,inactive,7816.77
899,Claus,Northover,46,cnorthoveroy@live.com,Indonesia,,green,active,7983.95
900,Vernor,Edel,47,vedeloz@ca.gov,Philippines,9024,green,active,6758.28
901,Judie,Buxy,26,jbuxyp0@icq.com,Zambia,,green,active,830.5
902,Sherlocke,Squibbes,60,ssquibbesp1@wix.com,Brazil,97340-000,red,active,7260.75
903,Vance,Brothers,38,vbrothersp2@vk.com,France,42604 CEDEX,green,pending,6460.07
904,Trixy,Amiable,34,tamiablep3@themeforest.net,Portugal,2420-144,green,inactive,1060.61
905,Guilbert,Wingrove,30,gwingrovep4@europa.eu,Indonesia,,blue,inactive,3677.14
906,Kathrine,Coper,23,kcoperp5@sourceforge.net,Brazil,65110-000,blue,inactive,5575.04
907,Leisha,Molder,78,lmolderp6@ebay.co.uk,Croatia,32237,green,pending,5741.45
908,Lorilyn,Lung,27,llungp7@washington.edu,Indonesia,,green,active,4880.06
909,Alexi,Kordovani,22,akordovanip8@tripadvisor.com,Indonesia,,red,pending,6056.68
910,Cirilo,Sambrook,55,csambrookp9@cafepress.com,Dominican Republic,10109,blue,inactive,3018.5
911,Karlik,MacGillespie,49,kmacgillespiepa@mapy.cz,China,,green,pending,6986.5
912,Lorrie,Obington,78,lobingtonpb@imgur.com,Honduras,,red,pending,8338.96
913,Arny,Maskrey,26,amaskreypc@godaddy.com,Russia,368150,blue,pending,7421.44
914,Cairistiona,Nolda,49,cnoldapd@purevolume.com,Guam,96931,green,active,9593.72
915,Sarita,Brotherhead,32,sbrotherheadpe@eepurl.com,Indonesia,,red,inactive,3661.28
916,Lacey,Gauford,51,lgaufordpf@etsy.com,Indonesia,,red,pending,3368.53
917,Fannie,Macveigh,44,fmacveighpg@ox.ac.uk,China,,red,inactive,1167.41
918,Alana,Priditt,55,apridittph@comcast.net,Bolivia,,blue,active,4709.03
919,Valida,Desforges,67,vdesforgespi@cbslocal.com,Portugal,4650-752,green,active,3756.61
920,Kacy,Tissiman,82,ktissimanpj@accuweather.com,China,,blue,active,5554.06
921,Tremain,Impett,50,timpettpk@upenn.edu,Indonesia,,blue,inactive,9337.58
922,Warren,Gosnell,66,wgosnellpl@purevolume.com,Philippines,9706,green,pending,6394.04
923,Elsbeth,Cardoso,55,ecardosopm@opera.com,United States,22205,blue,active,1203.73
924,Auberon,Brewood,41,abrewoodpn@apple.com,Syria,,red,inactive,8946.66
925,Rog,Franzel,33,rfranzelpo@statcounter.com,Russia,431373,green,inactive,396.33
926,Hayes,Sainz,50,hsainzpp@dailymotion.com,Indonesia,,red,inactive,4356.08
927,Early,Spiniello,49,espiniellopq@ifeng.com,Indonesia,,green,inactive,8537.88
928,Staci,Borgesio,38,sborgesiopr@ezinearticles.com,Paraguay,,green,pending,9398.97
929,Sherill,Aishford,58,saishfordps@webnode.com,Philippines,3312,green,active,7457.35
930,Francesca,Tomicki,56,ftomickipt@purevolume.com,Colombia,547079,blue,pending,7021.47
931,Maryjo,Foukx,69,mfoukxpu@yellowpages.com,China,,blue,pending,2198.65
932,Sawyere,Fulle,52,sfullepv@google.de,Bosnia and Herzegovina,,red,pending,1931.55
933,Chrotoem,Kingescot,26,ckingescotpw@zdnet.com,Spain,28050,red,active,8820.07
934,Hank,Coffin,33,hcoffinpx@123-reg.co.uk,Indonesia,,green,pending,5776.47
935,Thoma,Duckitt,47,tduckittpy@boston.com,Japan,952-2224,green,pending,8430.59
936,Pyotr,Kloster,50,pklosterpz@blogger.com,New Zealand,4183,blue,active,6943.76
937,Karia,MacCleod,68,kmaccleodq0@mozilla.org,Colombia,762538,blue,pending,1363.42
938,Daffie,Coats,59,dcoatsq1@biblegateway.com,Canada,V7Y,blue,pending,492.76
939,Lib,Aickin,56,laickinq2@slate.com,Malawi,,red,active,6134.16
940,Tanitansy,Blatherwick,75,tblatherwickq3@hostgator.com,Nicaragua,,red,pending,9996.96
941,Deloris,Petrovic,40,dpetrovicq4@mail.ru,Czech Republic,349 01,green,active,7386.94
942,Arielle,Duprey,71,adupreyq5@slashdot.org,China,,green,pending,4336.9
943,Gwenni,Gusticke,34,ggustickeq6@flavors.me,Russia,429720,blue,active,3098.71
944,Hewet,Gready,62,hgreadyq7@freewebs.com,China,,red,pending,3171.57
945,Egor,Covey,48,ecoveyq8@umn.edu,Brazil,45360-000,red,active,5079.69
946,Noah,Youngman,47,nyoungmanq9@youku.com,Greece,,red,inactive,5003.19
947,Bell,Bennie,76,bbennieqa@usatoday.com,Philippines,1706,blue,inactive,4792.98
948,Norina,Eadon,32,neadonqb@cbsnews.com,Indonesia,,green,active,3168.76
949,Christa,Baldwin,66,cbaldwinqc@myspace.com,Poland,46-090,green,active,7688.68
950,Denys,Palke,45,dpalkeqd@woothemes.com,China,,blue,active,3006.8
951,Ninnette,Pratton,82,nprattonqe@hatena.ne.jp,Morocco,,red,inactive,1968.93
952,Kaia,Dodridge,21,kdodridgeqf@sourceforge.net,Russia,457151,blue,pending,5079.73
953,Averill,Hardingham,55,ahardinghamqg@home.pl,France,31085 CEDEX 2,green,pending,6509.35
954,Lorrie,Gusney,33,lgusneyqh@washington.edu,Portugal,4785-035,blue,inactive,5105.43
955,Adey,Lamputt,18,alamputtqi@hatena.ne.jp,Czech Republic,675 51,red,inactive,7764.48
956,Dulciana,Glaserman,47,dglasermanqj@miibeian.gov.cn,Portugal,3025-511,blue,pending,4595.5
957,Eryn,Upfold,49,eupfoldqk@bloomberg.com,Belarus,,blue,inactive,1645.15
958,Thatch,Mildmott,45,tmildmottql@tumblr.com,Tanzania,,red,pending,5493.67
959,Marilee,Shellard,79,mshellardqm@wired.com,Russia,445146,green,pending,9465.15
960,Gloriane,Coverdill,30,gcoverdillqn@oakley.com,Malawi,,red,pending,7588.3
961,Guilbert,Goodby,55,ggoodbyqo@vistaprint.com,Madagascar,,blue,pending,4995.3
962,Elly,Goolden,25,egooldenqp@globo.com,Madagascar,,red,pending,1229.1
963,Keenan,Boyack,45,kboyackqq@1688.com,Philippines,4710,red,pending,6752.14
964,Gussy,Brickham,26,gbrickhamqr@elegantthemes.com,Iran,,red,active,8830.77
965,Arvy,Merrywether,31,amerrywetherqs@liveinternet.ru,Russia,186730,blue,pending,5757.03
966,Seana,Pickerin,21,spickerinqt@sina.com.cn,Russia,249028,red,pending,9860.53
967,Aubry,Mohan,85,amohanqu@sun.com,Denmark,1917,blue,active,5494.19
968,Seward,Seakings,45,sseakingsqv@infoseek.co.jp,Canada,N5A,red,inactive,6231.73
969,Freemon,Noli,27,fnoliqw@nationalgeographic.com,China,,blue,active,777.36
970,Franklin,Robley,64,frobleyqx@wikispaces.com,China,,red,inactive,7172.77
971,Cissiee,Perse,77,cperseqy@t-online.de,China,,green,active,0.88
972,Emmy,O'Brogan,57,eobroganqz@imageshack.us,China,,green,inactive,362.86
973,Darla,Ranaghan,49,dranaghanr0@sbwire.com,Mongolia,,red,pending,8303.07
974,Margarette,Purdie,54,mpurdier1@npr.org,Indonesia,,red,pending,2928.24
975,Karl,Linger,60,klingerr2@ft.com,Russia,243126,green,active,9417.0
976,Martelle,Hellwich,38,mhellwichr3@auda.org.au,Ukraine,,green,pending,9173.79
977,Calida,Paskins,41,cpaskinsr4@stanford.edu,Oman,,red,active,8266.53
978,Janka,Gieraths,83,jgierathsr5@weibo.com,Iran,,blue,active,9896.05
979,Gail,Bucham,27,gbuchamr6@businesswire.com,Thailand,41220,red,pending,9035.68
980,Jennie,Kliner,62,jklinerr7@studiopress.com,Indonesia,,green,inactive,1235.42
981,Mar,Tague,47,mtaguer8@jugem.jp,Azerbaijan,,red,pending,3652.73
982,Giuseppe,Aleksandrev,72,galeksandrevr9@census.gov,Ukraine,,blue,pending,1329.86
983,Ryan,Ivanishin,32,rivanishinra@wordpress.com,Peru,,blue,active,1206.39
984,Garvy,Marsham,24,gmarshamrb@barnesandnoble.com,Iran,,green,pending,921.17
985,Bibbye,Campion,32,bcampionrc@blogs.com,Syria,,green,inactive,1463.07
986,Abra,Note,61,anoterd@surveymonkey.com,Greece,,blue,inactive,511.72
987,Korie,Hansford,63,khansfordre@uol.com.br,Indonesia,,blue,active,9267.84
988,Othello,Mixture,66,omixturerf@bandcamp.com,Thailand,10160,blue,inactive,2337.72
989,Codi,Baughen,38,cbaughenrg@prnewswire.com,Bangladesh,8530,red,active,8368.68
990,Lorita,Abad,33,labadrh@github.io,Gambia,,green,active,5245.37
991,Ilsa,Prator,33,ipratorri@sphinn.com,China,,red,inactive,7465.71
992,Rosalie,Tett,60,rtettrj@oracle.com,China,,green,pending,9578.2
993,Lexie,Beaconsall,70,lbeaconsallrk@apple.com,Portugal,2420-005,red,active,3734.97
994,Dion,Karet,63,dkaretrl@latimes.com,Sri Lanka,31000,green,active,784.49
995,Jemmie,Crayden,58,jcraydenrm@rakuten.co.jp,Japan,509-0147,green,pending,824.01
996,Fara,Manuelli,47,fmanuellirn@hatena.ne.jp,China,,blue,pending,7513.99
997,Nickolaus,Deevey,48,ndeeveyro@huffingtonpost.com,Iran,,red,active,6341.67
998,Bert,Athowe,64,bathowerp@tiny.cc,Indonesia,,red,pending,785.66
999,Dennison,Corcut,26,dcorcutrq@last.fm,Philippines,1751,blue,pending,7513.93
1000,Audra,Dickson,35,adicksonrr@1688.com,China,,red,inactive,7315.54
